	corpus	fractal-dimensions	n-dimension	radii	replicate	tool
0	brown	0.0	50	0.0	1	w2v
1	brown	0.0	50	0.00025	1	w2v
2	brown	0.0	50	0.0005	1	w2v
3	brown	0.0	50	0.00075	1	w2v
4	brown	0.0	50	0.001	1	w2v
5	brown	0.0	50	0.00125	1	w2v
6	brown	0.0	50	0.0015	1	w2v
7	brown	0.0	50	0.00175	1	w2v
8	brown	0.0	50	0.002	1	w2v
9	brown	0.0	50	0.00225	1	w2v
10	brown	0.0	50	0.0025	1	w2v
11	brown	0.0	50	0.00275	1	w2v
12	brown	0.0	50	0.003	1	w2v
13	brown	0.0	50	0.00325	1	w2v
14	brown	0.0	50	0.0035	1	w2v
15	brown	0.0	50	0.00375	1	w2v
16	brown	0.0	50	0.004	1	w2v
17	brown	0.0	50	0.00425	1	w2v
18	brown	0.0	50	0.0045	1	w2v
19	brown	0.0	50	0.00475	1	w2v
20	brown	0.0	50	0.005	1	w2v
21	brown	0.0	50	0.00525	1	w2v
22	brown	0.328418910226	50	0.0055	1	w2v
23	brown	0.0	50	0.00575	1	w2v
24	brown	0.0	50	0.006	1	w2v
25	brown	0.0	50	0.00625	1	w2v
26	brown	1.49317559129	50	0.0065	1	w2v
27	brown	2.51782032114	50	0.00675	1	w2v
28	brown	4.59567062349	50	0.007	1	w2v
29	brown	7.44791169862	50	0.00725	1	w2v
30	brown	9.82631923812	50	0.0075	1	w2v
31	brown	9.1083406374	50	0.00775	1	w2v
32	brown	9.09289901821	50	0.008	1	w2v
33	brown	9.77827249837	50	0.00825	1	w2v
34	brown	11.3570420987	50	0.0085	1	w2v
35	brown	10.5018165903	50	0.00875	1	w2v
36	brown	10.0894382281	50	0.009	1	w2v
37	brown	9.122785696	50	0.00925	1	w2v
38	brown	8.31033178174	50	0.0095	1	w2v
39	brown	8.04712838585	50	0.00975	1	w2v
40	brown	6.61491637067	50	0.01	1	w2v
41	brown	6.16428152171	50	0.01025	1	w2v
42	brown	5.48075761313	50	0.0105	1	w2v
43	brown	4.58298058394	50	0.01075	1	w2v
44	brown	4.02967249581	50	0.011	1	w2v
45	brown	4.01194462061	50	0.01125	1	w2v
46	brown	3.52506132814	50	0.0115	1	w2v
47	brown	3.1148593424	50	0.01175	1	w2v
48	brown	3.11650375252	50	0.012	1	w2v
49	brown	2.65664477285	50	0.01225	1	w2v
50	brown	2.63868268189	50	0.0125	1	w2v
51	brown	2.01124416986	50	0.01275	1	w2v
52	brown	1.9914937105	50	0.013	1	w2v
53	brown	1.69443450926	50	0.01325	1	w2v
54	brown	1.69092187712	50	0.0135	1	w2v
55	brown	1.81071829034	50	0.01375	1	w2v
56	brown	1.64643114035	50	0.014	1	w2v
57	brown	1.49921343169	50	0.01425	1	w2v
58	brown	1.25566118233	50	0.0145	1	w2v
59	brown	1.3781415055	50	0.01475	1	w2v
60	brown	1.27640766557	50	0.015	1	w2v
61	brown	1.05931664459	50	0.01525	1	w2v
62	brown	1.25265683474	50	0.0155	1	w2v
63	brown	0.961281899503	50	0.01575	1	w2v
64	brown	1.12218850974	50	0.016	1	w2v
65	brown	0.976913730935	50	0.01625	1	w2v
66	brown	0.96881677052	50	0.0165	1	w2v
67	brown	0.859434908141	50	0.01675	1	w2v
68	brown	0.7848993684	50	0.017	1	w2v
69	brown	1.0082373175	50	0.01725	1	w2v
70	brown	0.948716359038	50	0.0175	1	w2v
71	brown	0.906901767053	50	0.01775	1	w2v
72	brown	0.805836835256	50	0.018	1	w2v
73	brown	0.705319283734	50	0.01825	1	w2v
74	brown	0.733899997832	50	0.0185	1	w2v
75	brown	0.753739001423	50	0.01875	1	w2v
76	brown	0.738873695412	50	0.019	1	w2v
77	brown	0.758730693124	50	0.01925	1	w2v
78	brown	0.68267987371	50	0.0195	1	w2v
79	brown	0.589111778208	50	0.01975	1	w2v
80	brown	0.74168705472	50	0.02	1	w2v
81	brown	0.770493219545	50	0.02025	1	w2v
82	brown	0.684200401959	50	0.0205	1	w2v
83	brown	0.562345075442	50	0.02075	1	w2v
84	brown	0.529494782791	50	0.021	1	w2v
85	brown	0.532424803002	50	0.02125	1	w2v
86	brown	0.508178764382	50	0.0215	1	w2v
87	brown	0.474646529633	50	0.02175	1	w2v
88	brown	0.523257198564	50	0.022	1	w2v
89	brown	0.452412824475	50	0.02225	1	w2v
90	brown	0.594047370713	50	0.0225	1	w2v
91	brown	0.55021785997	50	0.02275	1	w2v
92	brown	0.543562632822	50	0.023	1	w2v
93	brown	0.49926598532	50	0.02325	1	w2v
94	brown	0.483033377048	50	0.0235	1	w2v
95	brown	0.362100497771	50	0.02375	1	w2v
96	brown	0.354935342055	50	0.024	1	w2v
97	brown	0.56912845968	50	0.02425	1	w2v
98	brown	0.397585114048	50	0.0245	1	w2v
99	brown	0.458409930711	50	0.02475	1	w2v
100	brown	0.470677043243	50	0.025	1	w2v
101	brown	0.394440131018	50	0.02525	1	w2v
102	brown	0.396784341376	50	0.0255	1	w2v
103	brown	0.369230513482	50	0.02575	1	w2v
104	brown	0.501677403986	50	0.026	1	w2v
105	brown	0.423570669778	50	0.02625	1	w2v
106	brown	0.446113140038	50	0.0265	1	w2v
107	brown	0.407735079374	50	0.02675	1	w2v
108	brown	0.450885254624	50	0.027	1	w2v
109	brown	0.463435044297	50	0.02725	1	w2v
110	brown	0.362377800034	50	0.0275	1	w2v
111	brown	0.312468918032	50	0.02775	1	w2v
112	brown	0.27252233029	50	0.028	1	w2v
113	brown	0.337481804586	50	0.02825	1	w2v
114	brown	0.434734064875	50	0.0285	1	w2v
115	brown	0.351758491664	50	0.02875	1	w2v
116	brown	0.321614130885	50	0.029	1	w2v
117	brown	0.398832891416	50	0.02925	1	w2v
118	brown	0.411682008231	50	0.0295	1	w2v
119	brown	0.326739091583	50	0.02975	1	w2v
120	brown	0.273874631362	50	0.03	1	w2v
121	brown	0.220466970538	50	0.03025	1	w2v
122	brown	0.365885012103	50	0.0305	1	w2v
123	brown	0.356644811293	50	0.03075	1	w2v
124	brown	0.280164235995	50	0.031	1	w2v
125	brown	0.326806698716	50	0.03125	1	w2v
126	brown	0.396425712199	50	0.0315	1	w2v
127	brown	0.386948237527	50	0.03175	1	w2v
128	brown	0.331699965499	50	0.032	1	w2v
129	brown	0.230037109067	50	0.03225	1	w2v
130	brown	0.358499069382	50	0.0325	1	w2v
131	brown	0.290606452603	50	0.03275	1	w2v
132	brown	0.257144237684	50	0.033	1	w2v
133	brown	0.340754653831	50	0.03325	1	w2v
134	brown	0.177229410832	50	0.0335	1	w2v
135	brown	0.261444254924	50	0.03375	1	w2v
136	brown	0.346399861723	50	0.034	1	w2v
137	brown	0.288107793073	50	0.03425	1	w2v
138	brown	0.265486424665	50	0.0345	1	w2v
139	brown	0.315362665244	50	0.03475	1	w2v
140	brown	0.25601877399	50	0.035	1	w2v
141	brown	0.306342209003	50	0.03525	1	w2v
142	brown	0.234019577108	50	0.0355	1	w2v
143	brown	0.260018864433	50	0.03575	1	w2v
144	brown	0.224049456494	50	0.036	1	w2v
145	brown	0.362732480201	50	0.03625	1	w2v
146	brown	0.289015568876	50	0.0365	1	w2v
147	brown	0.265184621369	50	0.03675	1	w2v
148	brown	0.291859704555	50	0.037	1	w2v
149	brown	0.242290274308	50	0.03725	1	w2v
150	brown	0.26912668406	50	0.0375	1	w2v
151	brown	0.180341174191	50	0.03775	1	w2v
152	brown	0.233080640084	50	0.038	1	w2v
153	brown	0.234251018585	50	0.03825	1	w2v
154	brown	0.222348468481	50	0.0385	1	w2v
155	brown	0.35476677102	50	0.03875	1	w2v
156	brown	0.198008715442	50	0.039	1	w2v
157	brown	0.278560639326	50	0.03925	1	w2v
158	brown	0.253204746369	50	0.0395	1	w2v
159	brown	0.174104153307	50	0.03975	1	w2v
160	brown	0.201911563662	50	0.04	1	w2v
161	brown	0.202914317438	50	0.04025	1	w2v
162	brown	0.190328208866	50	0.0405	1	w2v
163	brown	0.122988464392	50	0.04075	1	w2v
164	brown	0.21975388545	50	0.041	1	w2v
165	brown	0.234584725986	50	0.04125	1	w2v
166	brown	0.194103860186	50	0.0415	1	w2v
167	brown	0.139339083392	50	0.04175	1	w2v
168	brown	0.19604365846	50	0.042	1	w2v
169	brown	0.225098981764	50	0.04225	1	w2v
170	brown	0.169623139084	50	0.0425	1	w2v
171	brown	0.198840038611	50	0.04275	1	w2v
172	brown	0.214028130655	50	0.043	1	w2v
173	brown	0.272291046194	50	0.04325	1	w2v
174	brown	0.187130873101	50	0.0435	1	w2v
175	brown	0.231358062891	50	0.04375	1	w2v
176	brown	0.217855853031	50	0.044	1	w2v
177	brown	0.145910020971	50	0.04425	1	w2v
178	brown	0.249168005601	50	0.0445	1	w2v
179	brown	0.176658295975	50	0.04475	1	w2v
180	brown	0.236584994393	50	0.045	1	w2v
181	brown	0.163372618492	50	0.04525	1	w2v
182	brown	0.223770261466	50	0.0455	1	w2v
183	brown	0.269632034277	50	0.04575	1	w2v
184	brown	0.240645079624	50	0.046	1	w2v
185	brown	0.256725922279	50	0.04625	1	w2v
186	brown	0.166822136343	50	0.0465	1	w2v
187	brown	0.152339588779	50	0.04675	1	w2v
188	brown	0.305931346733	50	0.047	1	w2v
189	brown	0.107526199271	50	0.04725	1	w2v
190	brown	0.231422862096	50	0.0475	1	w2v
191	brown	0.201390977821	50	0.04775	1	w2v
192	brown	0.171131480789	50	0.048	1	w2v
193	brown	0.156249660732	50	0.04825	1	w2v
194	brown	0.235348197412	50	0.0485	1	w2v
195	brown	0.110295954261	50	0.04875	1	w2v
196	brown	0.221532803522	50	0.049	1	w2v
197	brown	0.206531371816	50	0.04925	1	w2v
198	brown	0.143580172759	50	0.0495	1	w2v
0	brown	0.0	50	0.0	2	w2v
1	brown	0.0	50	0.00025	2	w2v
2	brown	0.0	50	0.0005	2	w2v
3	brown	0.0	50	0.00075	2	w2v
4	brown	0.0	50	0.001	2	w2v
5	brown	0.0	50	0.00125	2	w2v
6	brown	0.0	50	0.0015	2	w2v
7	brown	0.0	50	0.00175	2	w2v
8	brown	0.0	50	0.002	2	w2v
9	brown	0.0	50	0.00225	2	w2v
10	brown	0.0	50	0.0025	2	w2v
11	brown	0.0	50	0.00275	2	w2v
12	brown	0.0	50	0.003	2	w2v
13	brown	0.0	50	0.00325	2	w2v
14	brown	0.0	50	0.0035	2	w2v
15	brown	0.0	50	0.00375	2	w2v
16	brown	0.0	50	0.004	2	w2v
17	brown	0.0	50	0.00425	2	w2v
18	brown	0.0	50	0.0045	2	w2v
19	brown	0.0	50	0.00475	2	w2v
20	brown	0.299216034003	50	0.005	2	w2v
21	brown	0.0	50	0.00525	2	w2v
22	brown	0.323693294032	50	0.0055	2	w2v
23	brown	0.661915699928	50	0.00575	2	w2v
24	brown	0.671181663466	50	0.006	2	w2v
25	brown	1.34224314789	50	0.00625	2	w2v
26	brown	2.89343781047	50	0.0065	2	w2v
27	brown	3.8292848082	50	0.00675	2	w2v
28	brown	8.12676592865	50	0.007	2	w2v
29	brown	5.99975701793	50	0.00725	2	w2v
30	brown	9.28374948393	50	0.0075	2	w2v
31	brown	9.73103086526	50	0.00775	2	w2v
32	brown	9.2407850171	50	0.008	2	w2v
33	brown	10.4228992974	50	0.00825	2	w2v
34	brown	9.87691720895	50	0.0085	2	w2v
35	brown	9.23435239192	50	0.00875	2	w2v
36	brown	8.36802485195	50	0.009	2	w2v
37	brown	7.12013208131	50	0.00925	2	w2v
38	brown	6.52815881404	50	0.0095	2	w2v
39	brown	6.10522865739	50	0.00975	2	w2v
40	brown	5.58096743397	50	0.01	2	w2v
41	brown	5.71413633864	50	0.01025	2	w2v
42	brown	4.80985451759	50	0.0105	2	w2v
43	brown	4.24708637256	50	0.01075	2	w2v
44	brown	3.88219052648	50	0.011	2	w2v
45	brown	3.21914034652	50	0.01125	2	w2v
46	brown	3.43973204174	50	0.0115	2	w2v
47	brown	3.2933880532	50	0.01175	2	w2v
48	brown	2.71518521479	50	0.012	2	w2v
49	brown	2.32803469776	50	0.01225	2	w2v
50	brown	2.2883426292	50	0.0125	2	w2v
51	brown	2.47573914212	50	0.01275	2	w2v
52	brown	2.05712206771	50	0.013	2	w2v
53	brown	1.75514285811	50	0.01325	2	w2v
54	brown	1.70336290153	50	0.0135	2	w2v
55	brown	1.70034647211	50	0.01375	2	w2v
56	brown	1.57996741905	50	0.014	2	w2v
57	brown	1.61799199711	50	0.01425	2	w2v
58	brown	1.47672400165	50	0.0145	2	w2v
59	brown	1.57077571606	50	0.01475	2	w2v
60	brown	1.33748101528	50	0.015	2	w2v
61	brown	1.33889476585	50	0.01525	2	w2v
62	brown	1.46156311538	50	0.0155	2	w2v
63	brown	1.05463150426	50	0.01575	2	w2v
64	brown	1.07964721067	50	0.016	2	w2v
65	brown	1.17314290232	50	0.01625	2	w2v
66	brown	1.22162556164	50	0.0165	2	w2v
67	brown	0.93461322223	50	0.01675	2	w2v
68	brown	1.03866710994	50	0.017	2	w2v
69	brown	1.12390110953	50	0.01725	2	w2v
70	brown	1.07053899187	50	0.0175	2	w2v
71	brown	0.709027992977	50	0.01775	2	w2v
72	brown	0.875841512077	50	0.018	2	w2v
73	brown	1.00673063837	50	0.01825	2	w2v
74	brown	0.90313306377	50	0.0185	2	w2v
75	brown	0.861064655913	50	0.01875	2	w2v
76	brown	0.940572225907	50	0.019	2	w2v
77	brown	0.74178918907	50	0.01925	2	w2v
78	brown	0.726806674477	50	0.0195	2	w2v
79	brown	0.676815330824	50	0.01975	2	w2v
80	brown	0.574017320261	50	0.02	2	w2v
81	brown	0.647771427721	50	0.02025	2	w2v
82	brown	0.632793928593	50	0.0205	2	w2v
83	brown	0.626670695252	50	0.02075	2	w2v
84	brown	0.557751291038	50	0.021	2	w2v
85	brown	0.686742851417	50	0.02125	2	w2v
86	brown	0.445006261933	50	0.0215	2	w2v
87	brown	0.566279737685	50	0.02175	2	w2v
88	brown	0.559919158689	50	0.022	2	w2v
89	brown	0.516697090588	50	0.02225	2	w2v
90	brown	0.463956102704	50	0.0225	2	w2v
91	brown	0.531837329391	50	0.02275	2	w2v
92	brown	0.553242750831	50	0.023	2	w2v
93	brown	0.396063382613	50	0.02325	2	w2v
94	brown	0.455418318354	50	0.0235	2	w2v
95	brown	0.619723961876	50	0.02375	2	w2v
96	brown	0.612634210414	50	0.024	2	w2v
97	brown	0.394480723367	50	0.02425	2	w2v
98	brown	0.319598341553	50	0.0245	2	w2v
99	brown	0.399654288131	50	0.02475	2	w2v
100	brown	0.499874996645	50	0.025	2	w2v
101	brown	0.561287212727	50	0.02525	2	w2v
102	brown	0.543973417859	50	0.0255	2	w2v
103	brown	0.258648641519	50	0.02575	2	w2v
104	brown	0.500380205965	50	0.026	2	w2v
105	brown	0.392359122354	50	0.02625	2	w2v
106	brown	0.445096161831	50	0.0265	2	w2v
107	brown	0.376351930762	50	0.02675	2	w2v
108	brown	0.296795707068	50	0.027	2	w2v
109	brown	0.411806573981	50	0.02725	2	w2v
110	brown	0.434670254765	50	0.0275	2	w2v
111	brown	0.488781725032	50	0.02775	2	w2v
112	brown	0.30321859691	50	0.028	2	w2v
113	brown	0.305091596569	50	0.02825	2	w2v
114	brown	0.317524530153	50	0.0285	2	w2v
115	brown	0.383188447122	50	0.02875	2	w2v
116	brown	0.27834799144	50	0.029	2	w2v
117	brown	0.290826646248	50	0.02925	2	w2v
118	brown	0.292577626805	50	0.0295	2	w2v
119	brown	0.457518399453	50	0.02975	2	w2v
120	brown	0.295650230346	50	0.03	2	w2v
121	brown	0.319372956125	50	0.03025	2	w2v
122	brown	0.332216764072	50	0.0305	2	w2v
123	brown	0.233910855035	50	0.03075	2	w2v
124	brown	0.40320077554	50	0.031	2	w2v
125	brown	0.31521198914	50	0.03125	2	w2v
126	brown	0.339534983933	50	0.0315	2	w2v
127	brown	0.307213780591	50	0.03175	2	w2v
128	brown	0.377418152069	50	0.032	2	w2v
129	brown	0.321851930444	50	0.03225	2	w2v
130	brown	0.242725067981	50	0.0325	2	w2v
131	brown	0.267357919681	50	0.03275	2	w2v
132	brown	0.315544406579	50	0.033	2	w2v
133	brown	0.281966576588	50	0.03325	2	w2v
134	brown	0.36604919596	50	0.0335	2	w2v
135	brown	0.344072875636	50	0.03375	2	w2v
136	brown	0.262361304687	50	0.034	2	w2v
137	brown	0.299706718637	50	0.03425	2	w2v
138	brown	0.361397260759	50	0.0345	2	w2v
139	brown	0.217948941763	50	0.03475	2	w2v
140	brown	0.243499899559	50	0.035	2	w2v
141	brown	0.330391822081	50	0.03525	2	w2v
142	brown	0.209096758285	50	0.0355	2	w2v
143	brown	0.222613984747	50	0.03575	2	w2v
144	brown	0.198966535115	50	0.036	2	w2v
145	brown	0.225057163604	50	0.03625	2	w2v
146	brown	0.226253992724	50	0.0365	2	w2v
147	brown	0.214820375985	50	0.03675	2	w2v
148	brown	0.190571235673	50	0.037	2	w2v
149	brown	0.229900939499	50	0.03725	2	w2v
150	brown	0.231083388673	50	0.0375	2	w2v
151	brown	0.206472876856	50	0.03775	2	w2v
152	brown	0.259396989827	50	0.038	2	w2v
153	brown	0.221584615465	50	0.03825	2	w2v
154	brown	0.248886378115	50	0.0385	2	w2v
155	brown	0.184319088324	50	0.03875	2	w2v
156	brown	0.277845008336	50	0.039	2	w2v
157	brown	0.292404164979	50	0.03925	2	w2v
158	brown	0.253695350106	50	0.0395	2	w2v
159	brown	0.214669584939	50	0.03975	2	w2v
160	brown	0.161821032819	50	0.04	2	w2v
161	brown	0.257477729893	50	0.04025	2	w2v
162	brown	0.177022126135	50	0.0405	2	w2v
163	brown	0.205272456737	50	0.04075	2	w2v
164	brown	0.357368692419	50	0.041	2	w2v
165	brown	0.27603958776	50	0.04125	2	w2v
166	brown	0.221832990761	50	0.0415	2	w2v
167	brown	0.334191486675	50	0.04175	2	w2v
168	brown	0.195799580145	50	0.042	2	w2v
169	brown	0.182688208096	50	0.04225	2	w2v
170	brown	0.169454555516	50	0.0425	2	w2v
171	brown	0.127725242927	50	0.04275	2	w2v
172	brown	0.242404816697	50	0.043	2	w2v
173	brown	0.200527825153	50	0.04325	2	w2v
174	brown	0.258965453085	50	0.0435	2	w2v
175	brown	0.346665841441	50	0.04375	2	w2v
176	brown	0.203056427194	50	0.044	2	w2v
177	brown	0.189410557411	50	0.04425	2	w2v
178	brown	0.219529646593	50	0.0445	2	w2v
179	brown	0.147022316145	50	0.04475	2	w2v
180	brown	0.221535279193	50	0.045	2	w2v
181	brown	0.252134234186	50	0.04525	2	w2v
182	brown	0.282933541569	50	0.0455	2	w2v
183	brown	0.358718783359	50	0.04575	2	w2v
184	brown	0.240057997049	50	0.046	2	w2v
185	brown	0.165752422254	50	0.04625	2	w2v
186	brown	0.136236033699	50	0.0465	2	w2v
187	brown	0.258441881792	50	0.04675	2	w2v
188	brown	0.137407046235	50	0.047	2	w2v
189	brown	0.230003135707	50	0.04725	2	w2v
190	brown	0.200161207601	50	0.0475	2	w2v
191	brown	0.0773329432785	50	0.04775	2	w2v
192	brown	0.26407045825	50	0.048	2	w2v
193	brown	0.140380976213	50	0.04825	2	w2v
194	brown	0.172324548106	50	0.0485	2	w2v
195	brown	0.220228059367	50	0.04875	2	w2v
196	brown	0.157957866955	50	0.049	2	w2v
197	brown	0.158634207772	50	0.04925	2	w2v
198	brown	0.159309462952	50	0.0495	2	w2v
0	brown	0.0	50	0.0	3	w2v
1	brown	0.0	50	0.00025	3	w2v
2	brown	0.0	50	0.0005	3	w2v
3	brown	0.0	50	0.00075	3	w2v
4	brown	0.0	50	0.001	3	w2v
5	brown	0.0	50	0.00125	3	w2v
6	brown	0.0	50	0.0015	3	w2v
7	brown	0.0	50	0.00175	3	w2v
8	brown	0.0	50	0.002	3	w2v
9	brown	0.0	50	0.00225	3	w2v
10	brown	0.0	50	0.0025	3	w2v
11	brown	0.0	50	0.00275	3	w2v
12	brown	0.0	50	0.003	3	w2v
13	brown	0.0	50	0.00325	3	w2v
14	brown	0.0	50	0.0035	3	w2v
15	brown	0.0	50	0.00375	3	w2v
16	brown	0.0	50	0.004	3	w2v
17	brown	0.0	50	0.00425	3	w2v
18	brown	0.0	50	0.0045	3	w2v
19	brown	0.0	50	0.00475	3	w2v
20	brown	0.0	50	0.005	3	w2v
21	brown	0.0	50	0.00525	3	w2v
22	brown	0.0	50	0.0055	3	w2v
23	brown	0.0	50	0.00575	3	w2v
24	brown	0.0	50	0.006	3	w2v
25	brown	0.0	50	0.00625	3	w2v
26	brown	1.14392677999	50	0.0065	3	w2v
27	brown	0.0	50	0.00675	3	w2v
28	brown	1.1793576413	50	0.007	3	w2v
29	brown	2.29964522614	50	0.00725	3	w2v
30	brown	4.26235735184	50	0.0075	3	w2v
31	brown	8.36894675493	50	0.00775	3	w2v
32	brown	7.68202912375	50	0.008	3	w2v
33	brown	6.39987514153	50	0.00825	3	w2v
34	brown	12.0598259605	50	0.0085	3	w2v
35	brown	10.5167409766	50	0.00875	3	w2v
36	brown	11.6511818287	50	0.009	3	w2v
37	brown	8.69204538803	50	0.00925	3	w2v
38	brown	10.6460545895	50	0.0095	3	w2v
39	brown	10.1769978393	50	0.00975	3	w2v
40	brown	9.1691628497	50	0.01	3	w2v
41	brown	8.90819375685	50	0.01025	3	w2v
42	brown	8.03243134522	50	0.0105	3	w2v
43	brown	6.54891167153	50	0.01075	3	w2v
44	brown	6.4709316865	50	0.011	3	w2v
45	brown	6.60785951185	50	0.01125	3	w2v
46	brown	4.96801246525	50	0.0115	3	w2v
47	brown	4.66121518106	50	0.01175	3	w2v
48	brown	4.19058341429	50	0.012	3	w2v
49	brown	3.86902466193	50	0.01225	3	w2v
50	brown	2.97134815209	50	0.0125	3	w2v
51	brown	3.13313175996	50	0.01275	3	w2v
52	brown	2.68910214401	50	0.013	3	w2v
53	brown	2.5774077285	50	0.01325	3	w2v
54	brown	2.21835248447	50	0.0135	3	w2v
55	brown	2.20818813483	50	0.01375	3	w2v
56	brown	2.20783918189	50	0.014	3	w2v
57	brown	1.7472517657	50	0.01425	3	w2v
58	brown	1.81461743673	50	0.0145	3	w2v
59	brown	1.64002305457	50	0.01475	3	w2v
60	brown	1.41248336233	50	0.015	3	w2v
61	brown	1.32450155282	50	0.01525	3	w2v
62	brown	1.3089664388	50	0.0155	3	w2v
63	brown	1.08592320594	50	0.01575	3	w2v
64	brown	1.19712479333	50	0.016	3	w2v
65	brown	1.14171386942	50	0.01625	3	w2v
66	brown	1.19100226761	50	0.0165	3	w2v
67	brown	1.09305105981	50	0.01675	3	w2v
68	brown	0.893607086966	50	0.017	3	w2v
69	brown	0.912241874119	50	0.01725	3	w2v
70	brown	0.844203080821	50	0.0175	3	w2v
71	brown	0.975989495029	50	0.01775	3	w2v
72	brown	0.933006683867	50	0.018	3	w2v
73	brown	0.803656175444	50	0.01825	3	w2v
74	brown	0.814490681679	50	0.0185	3	w2v
75	brown	0.755346583862	50	0.01875	3	w2v
76	brown	0.76653739292	50	0.019	3	w2v
77	brown	0.680866630868	50	0.01925	3	w2v
78	brown	0.789654075511	50	0.0195	3	w2v
79	brown	0.835996233426	50	0.01975	3	w2v
80	brown	0.704610140283	50	0.02	3	w2v
81	brown	0.716085683157	50	0.02025	3	w2v
82	brown	0.602217886031	50	0.0205	3	w2v
83	brown	0.551090896422	50	0.02075	3	w2v
84	brown	0.689717613984	50	0.021	3	w2v
85	brown	0.483329999488	50	0.02125	3	w2v
86	brown	0.67813979167	50	0.0215	3	w2v
87	brown	0.643987065607	50	0.02175	3	w2v
88	brown	0.674193843525	50	0.022	3	w2v
89	brown	0.565776608486	50	0.02225	3	w2v
90	brown	0.605658903719	50	0.0225	3	w2v
91	brown	0.468266576001	50	0.02275	3	w2v
92	brown	0.508548557593	50	0.023	3	w2v
93	brown	0.558431321898	50	0.02325	3	w2v
94	brown	0.532605135401	50	0.0235	3	w2v
95	brown	0.449408487681	50	0.02375	3	w2v
96	brown	0.336787476046	50	0.024	3	w2v
97	brown	0.570936033957	50	0.02425	3	w2v
98	brown	0.486176475541	50	0.0245	3	w2v
99	brown	0.537438472003	50	0.02475	3	w2v
100	brown	0.481163591407	50	0.025	3	w2v
101	brown	0.473788722871	50	0.02525	3	w2v
102	brown	0.4168253085	50	0.0255	3	w2v
103	brown	0.528694448904	50	0.02575	3	w2v
104	brown	0.34100931371	50	0.026	3	w2v
105	brown	0.46399956857	50	0.02625	3	w2v
106	brown	0.405634531599	50	0.0265	3	w2v
107	brown	0.387532014651	50	0.02675	3	w2v
108	brown	0.410205524332	50	0.027	3	w2v
109	brown	0.433007629169	50	0.02725	3	w2v
110	brown	0.42489797534	50	0.0275	3	w2v
111	brown	0.4478933448	50	0.02775	3	w2v
112	brown	0.366498585783	50	0.028	3	w2v
113	brown	0.42110897313	50	0.02825	3	w2v
114	brown	0.285864529574	50	0.0285	3	w2v
115	brown	0.330195976575	50	0.02875	3	w2v
116	brown	0.374888841328	50	0.029	3	w2v
117	brown	0.333881522068	50	0.02925	3	w2v
118	brown	0.270855653379	50	0.0295	3	w2v
119	brown	0.370473196334	50	0.02975	3	w2v
120	brown	0.383354938177	50	0.03	3	w2v
121	brown	0.396301457502	50	0.03025	3	w2v
122	brown	0.343027089374	50	0.0305	3	w2v
123	brown	0.311529994609	50	0.03075	3	w2v
124	brown	0.212656794852	50	0.031	3	w2v
125	brown	0.382688854698	50	0.03125	3	w2v
126	brown	0.305485789834	50	0.0315	3	w2v
127	brown	0.352601120259	50	0.03175	3	w2v
128	brown	0.411454292095	50	0.032	3	w2v
129	brown	0.378938755373	50	0.03225	3	w2v
130	brown	0.334658315022	50	0.0325	3	w2v
131	brown	0.278428404929	50	0.03275	3	w2v
132	brown	0.244991202741	50	0.033	3	w2v
133	brown	0.386971978161	50	0.03325	3	w2v
134	brown	0.282834164513	50	0.0335	3	w2v
135	brown	0.272503554864	50	0.03375	3	w2v
136	brown	0.273963699319	50	0.034	3	w2v
137	brown	0.263454763288	50	0.03425	3	w2v
138	brown	0.349031907605	50	0.0345	3	w2v
139	brown	0.229847743097	50	0.03475	3	w2v
140	brown	0.279721915221	50	0.035	3	w2v
141	brown	0.305574798216	50	0.03525	3	w2v
142	brown	0.319340315965	50	0.0355	3	w2v
143	brown	0.28387629293	50	0.03575	3	w2v
144	brown	0.372005929218	50	0.036	3	w2v
145	brown	0.28652664142	50	0.03625	3	w2v
146	brown	0.200358258319	50	0.0365	3	w2v
147	brown	0.226612355131	50	0.03675	3	w2v
148	brown	0.0886299273287	50	0.037	3	w2v
149	brown	0.216472123674	50	0.03725	3	w2v
150	brown	0.179226990222	50	0.0375	3	w2v
151	brown	0.283080420289	50	0.03775	3	w2v
152	brown	0.258583281202	50	0.038	3	w2v
153	brown	0.2987761713	50	0.03825	3	w2v
154	brown	0.234940510867	50	0.0385	3	w2v
155	brown	0.20988626651	50	0.03875	3	w2v
156	brown	0.263644717873	50	0.039	3	w2v
157	brown	0.21194212907	50	0.03925	3	w2v
158	brown	0.279505380319	50	0.0395	3	w2v
159	brown	0.200603066982	50	0.03975	3	w2v
160	brown	0.241898283601	50	0.04	3	w2v
161	brown	0.270020935671	50	0.04025	3	w2v
162	brown	0.203471983484	50	0.0405	3	w2v
163	brown	0.204468104077	50	0.04075	3	w2v
164	brown	0.246523306603	50	0.041	3	w2v
165	brown	0.247650801597	50	0.04125	3	w2v
166	brown	0.20733824376	50	0.0415	3	w2v
167	brown	0.166680006278	50	0.04175	3	w2v
168	brown	0.209359528411	50	0.042	3	w2v
169	brown	0.154275348198	50	0.04225	3	w2v
170	brown	0.197304796143	50	0.0425	3	w2v
171	brown	0.198232617618	50	0.04275	3	w2v
172	brown	0.184940326963	50	0.043	3	w2v
173	brown	0.271506119249	50	0.04325	3	w2v
174	brown	0.186592145418	50	0.0435	3	w2v
175	brown	0.173048025687	50	0.04375	3	w2v
176	brown	0.159380613089	50	0.044	3	w2v
177	brown	0.23288174626	50	0.04425	3	w2v
178	brown	0.190056443762	50	0.0445	3	w2v
179	brown	0.264293842712	50	0.04475	3	w2v
180	brown	0.294837599562	50	0.045	3	w2v
181	brown	0.177650462009	50	0.04525	3	w2v
182	brown	0.178454587275	50	0.0455	3	w2v
183	brown	0.238970629075	50	0.04575	3	w2v
184	brown	0.150011837135	50	0.046	3	w2v
185	brown	0.256121247833	50	0.04625	3	w2v
186	brown	0.136180767768	50	0.0465	3	w2v
187	brown	0.197583953939	50	0.04675	3	w2v
188	brown	0.198428639147	50	0.047	3	w2v
189	brown	0.229910118684	50	0.04725	3	w2v
190	brown	0.246222911801	50	0.0475	3	w2v
191	brown	0.262635078256	50	0.04775	3	w2v
192	brown	0.21714561479	50	0.048	3	w2v
193	brown	0.202462443628	50	0.04825	3	w2v
194	brown	0.140766050449	50	0.0485	3	w2v
195	brown	0.25128483375	50	0.04875	3	w2v
196	brown	0.204974500981	50	0.049	3	w2v
197	brown	0.189979568693	50	0.04925	3	w2v
198	brown	0.206646228264	50	0.0495	3	w2v
0	brown	0.0	50	0.0	4	w2v
1	brown	0.0	50	0.00025	4	w2v
2	brown	0.0	50	0.0005	4	w2v
3	brown	0.0	50	0.00075	4	w2v
4	brown	0.0	50	0.001	4	w2v
5	brown	0.0	50	0.00125	4	w2v
6	brown	0.0	50	0.0015	4	w2v
7	brown	0.0	50	0.00175	4	w2v
8	brown	0.0	50	0.002	4	w2v
9	brown	0.0	50	0.00225	4	w2v
10	brown	0.0	50	0.0025	4	w2v
11	brown	0.0	50	0.00275	4	w2v
12	brown	0.0	50	0.003	4	w2v
13	brown	0.0	50	0.00325	4	w2v
14	brown	0.0	50	0.0035	4	w2v
15	brown	0.0	50	0.00375	4	w2v
16	brown	0.0	50	0.004	4	w2v
17	brown	0.0	50	0.00425	4	w2v
18	brown	0.0	50	0.0045	4	w2v
19	brown	0.0	50	0.00475	4	w2v
20	brown	0.0	50	0.005	4	w2v
21	brown	0.0	50	0.00525	4	w2v
22	brown	0.0	50	0.0055	4	w2v
23	brown	0.0	50	0.00575	4	w2v
24	brown	0.357620924522	50	0.006	4	w2v
25	brown	1.43681570325	50	0.00625	4	w2v
26	brown	1.75540036566	50	0.0065	4	w2v
27	brown	1.37513500571	50	0.00675	4	w2v
28	brown	4.7872730961	50	0.007	4	w2v
29	brown	5.27643142456	50	0.00725	4	w2v
30	brown	6.38168861976	50	0.0075	4	w2v
31	brown	7.76855542667	50	0.00775	4	w2v
32	brown	7.00202309448	50	0.008	4	w2v
33	brown	11.9181970824	50	0.00825	4	w2v
34	brown	11.0245805853	50	0.0085	4	w2v
35	brown	9.8721538545	50	0.00875	4	w2v
36	brown	10.8543128637	50	0.009	4	w2v
37	brown	8.43352927237	50	0.00925	4	w2v
38	brown	9.53264458693	50	0.0095	4	w2v
39	brown	9.30742954622	50	0.00975	4	w2v
40	brown	8.37751230061	50	0.01	4	w2v
41	brown	6.28901644343	50	0.01025	4	w2v
42	brown	5.89788553944	50	0.0105	4	w2v
43	brown	4.90551147024	50	0.01075	4	w2v
44	brown	5.30282209937	50	0.011	4	w2v
45	brown	4.56140217053	50	0.01125	4	w2v
46	brown	4.13294939417	50	0.0115	4	w2v
47	brown	3.25426525669	50	0.01175	4	w2v
48	brown	2.91970915602	50	0.012	4	w2v
49	brown	2.90233027323	50	0.01225	4	w2v
50	brown	2.54088783206	50	0.0125	4	w2v
51	brown	2.33251226489	50	0.01275	4	w2v
52	brown	2.1619200478	50	0.013	4	w2v
53	brown	2.0144298573	50	0.01325	4	w2v
54	brown	1.8413084393	50	0.0135	4	w2v
55	brown	1.55314575973	50	0.01375	4	w2v
56	brown	1.70741608532	50	0.014	4	w2v
57	brown	1.42221912883	50	0.01425	4	w2v
58	brown	1.36813838301	50	0.0145	4	w2v
59	brown	1.4382359215	50	0.01475	4	w2v
60	brown	1.35859189756	50	0.015	4	w2v
61	brown	1.16944327318	50	0.01525	4	w2v
62	brown	1.20076309313	50	0.0155	4	w2v
63	brown	0.860982864865	50	0.01575	4	w2v
64	brown	1.02712663744	50	0.016	4	w2v
65	brown	1.00943308057	50	0.01625	4	w2v
66	brown	0.983379615525	50	0.0165	4	w2v
67	brown	1.00090261832	50	0.01675	4	w2v
68	brown	0.966320271601	50	0.017	4	w2v
69	brown	0.888899602971	50	0.01725	4	w2v
70	brown	0.968321700036	50	0.0175	4	w2v
71	brown	0.769094010839	50	0.01775	4	w2v
72	brown	0.797710170093	50	0.018	4	w2v
73	brown	0.878552968324	50	0.01825	4	w2v
74	brown	0.713587835602	50	0.0185	4	w2v
75	brown	0.7427050506	50	0.01875	4	w2v
76	brown	0.639196195079	50	0.019	4	w2v
77	brown	0.668828655376	50	0.01925	4	w2v
78	brown	0.778597005168	50	0.0195	4	w2v
79	brown	0.736106664423	50	0.01975	4	w2v
80	brown	0.541050304705	50	0.02	4	w2v
81	brown	0.598326660078	50	0.02025	4	w2v
82	brown	0.682904869743	50	0.0205	4	w2v
83	brown	0.567089278364	50	0.02075	4	w2v
84	brown	0.7164868535	50	0.021	4	w2v
85	brown	0.535120282409	50	0.02125	4	w2v
86	brown	0.60271856433	50	0.0215	4	w2v
87	brown	0.753865521268	50	0.02175	4	w2v
88	brown	0.616460313465	50	0.022	4	w2v
89	brown	0.441322432077	50	0.02225	4	w2v
90	brown	0.47233447086	50	0.0225	4	w2v
91	brown	0.58872593447	50	0.02275	4	w2v
92	brown	0.524778389371	50	0.023	4	w2v
93	brown	0.575262943034	50	0.02325	4	w2v
94	brown	0.549051005332	50	0.0235	4	w2v
95	brown	0.513047075685	50	0.02375	4	w2v
96	brown	0.554454504212	50	0.024	4	w2v
97	brown	0.430244644908	50	0.02425	4	w2v
98	brown	0.550440772087	50	0.0245	4	w2v
99	brown	0.48398953436	50	0.02475	4	w2v
100	brown	0.417133237835	50	0.025	4	w2v
101	brown	0.499259142277	50	0.02525	4	w2v
102	brown	0.48168886137	50	0.0255	4	w2v
103	brown	0.46398703209	50	0.02575	4	w2v
104	brown	0.547276678815	50	0.026	4	w2v
105	brown	0.356571471078	50	0.02625	4	w2v
106	brown	0.358738861248	50	0.0265	4	w2v
107	brown	0.371185108178	50	0.02675	4	w2v
108	brown	0.404403397016	50	0.027	4	w2v
109	brown	0.479437753581	50	0.02725	4	w2v
110	brown	0.377166655227	50	0.0275	4	w2v
111	brown	0.463396068436	50	0.02775	4	w2v
112	brown	0.433931544112	50	0.028	4	w2v
113	brown	0.436106613777	50	0.02825	4	w2v
114	brown	0.395581239566	50	0.0285	4	w2v
115	brown	0.354737697104	50	0.02875	4	w2v
116	brown	0.270337719789	50	0.029	4	w2v
117	brown	0.510890916959	50	0.02925	4	w2v
118	brown	0.404043517298	50	0.0295	4	w2v
119	brown	0.373195516873	50	0.02975	4	w2v
120	brown	0.353111779235	50	0.03	4	w2v
121	brown	0.332844644628	50	0.03025	4	w2v
122	brown	0.356946002984	50	0.0305	4	w2v
123	brown	0.448355276372	50	0.03075	4	w2v
124	brown	0.236637256716	50	0.031	4	w2v
125	brown	0.272060811421	50	0.03125	4	w2v
126	brown	0.330568414819	50	0.0315	4	w2v
127	brown	0.343756871495	50	0.03175	4	w2v
128	brown	0.299505571603	50	0.032	4	w2v
129	brown	0.347400789125	50	0.03225	4	w2v
130	brown	0.488544396226	50	0.0325	4	w2v
131	brown	0.327171152949	50	0.03275	4	w2v
132	brown	0.188009071725	50	0.033	4	w2v
133	brown	0.319051547833	50	0.03325	4	w2v
134	brown	0.344398407428	50	0.0335	4	w2v
135	brown	0.226837210106	50	0.03375	4	w2v
136	brown	0.276108089258	50	0.034	4	w2v
137	brown	0.301679426687	50	0.03425	4	w2v
138	brown	0.266858268134	50	0.0345	4	w2v
139	brown	0.316988815674	50	0.03475	4	w2v
140	brown	0.404174138026	50	0.035	4	w2v
141	brown	0.319884032228	50	0.03525	4	w2v
142	brown	0.259663199903	50	0.0355	4	w2v
143	brown	0.298258188491	50	0.03575	4	w2v
144	brown	0.287238047638	50	0.036	4	w2v
145	brown	0.251034270796	50	0.03625	4	w2v
146	brown	0.252324263496	50	0.0365	4	w2v
147	brown	0.240939680064	50	0.03675	4	w2v
148	brown	0.216703799144	50	0.037	4	w2v
149	brown	0.269056788934	50	0.03725	4	w2v
150	brown	0.321813932415	50	0.0375	4	w2v
151	brown	0.232817436665	50	0.03775	4	w2v
152	brown	0.259971855579	50	0.038	4	w2v
153	brown	0.326469681766	50	0.03825	4	w2v
154	brown	0.367200316938	50	0.0385	4	w2v
155	brown	0.197626966774	50	0.03875	4	w2v
156	brown	0.211879494225	50	0.039	4	w2v
157	brown	0.19964443147	50	0.03925	4	w2v
158	brown	0.22739284562	50	0.0395	4	w2v
159	brown	0.161327873699	50	0.03975	4	w2v
160	brown	0.283699337074	50	0.04	4	w2v
161	brown	0.298520388144	50	0.04025	4	w2v
162	brown	0.27258160745	50	0.0405	4	w2v
163	brown	0.260120659094	50	0.04075	4	w2v
164	brown	0.288776614322	50	0.041	4	w2v
165	brown	0.151980180252	50	0.04125	4	w2v
166	brown	0.249895068253	50	0.0415	4	w2v
167	brown	0.195269656124	50	0.04175	4	w2v
168	brown	0.18219952457	50	0.042	4	w2v
169	brown	0.281584097249	50	0.04225	4	w2v
170	brown	0.240389149594	50	0.0425	4	w2v
171	brown	0.269843189927	50	0.04275	4	w2v
172	brown	0.242484993617	50	0.043	4	w2v
173	brown	0.257864084661	50	0.04325	4	w2v
174	brown	0.18706914683	50	0.0435	4	w2v
175	brown	0.274613272267	50	0.04375	4	w2v
176	brown	0.116156323939	50	0.044	4	w2v
177	brown	0.247975716772	50	0.04425	4	w2v
178	brown	0.219745852135	50	0.0445	4	w2v
179	brown	0.279514147305	50	0.04475	4	w2v
180	brown	0.221589672613	50	0.045	4	w2v
181	brown	0.192887329105	50	0.04525	4	w2v
182	brown	0.134152486165	50	0.0455	4	w2v
183	brown	0.239555576929	50	0.04575	4	w2v
184	brown	0.150378644178	50	0.046	4	w2v
185	brown	0.19636776883	50	0.04625	4	w2v
186	brown	0.257857989426	50	0.0465	4	w2v
187	brown	0.167553129563	50	0.04675	4	w2v
188	brown	0.19887955851	50	0.047	4	w2v
189	brown	0.107569797457	50	0.04725	4	w2v
190	brown	0.293206885906	50	0.0475	4	w2v
191	brown	0.139458361428	50	0.04775	4	w2v
192	brown	0.15564325484	50	0.048	4	w2v
193	brown	0.109441039184	50	0.04825	4	w2v
194	brown	0.172741950481	50	0.0485	4	w2v
195	brown	0.189238934265	50	0.04875	4	w2v
196	brown	0.0791985726376	50	0.049	4	w2v
197	brown	0.111388396492	50	0.04925	4	w2v
198	brown	0.223715538298	50	0.0495	4	w2v
0	brown	0.0	50	0.0	5	w2v
1	brown	0.0	50	0.00025	5	w2v
2	brown	0.0	50	0.0005	5	w2v
3	brown	0.0	50	0.00075	5	w2v
4	brown	0.0	50	0.001	5	w2v
5	brown	0.0	50	0.00125	5	w2v
6	brown	0.0	50	0.0015	5	w2v
7	brown	0.0	50	0.00175	5	w2v
8	brown	0.0	50	0.002	5	w2v
9	brown	0.0	50	0.00225	5	w2v
10	brown	0.0	50	0.0025	5	w2v
11	brown	0.0	50	0.00275	5	w2v
12	brown	0.0	50	0.003	5	w2v
13	brown	0.0	50	0.00325	5	w2v
14	brown	0.0	50	0.0035	5	w2v
15	brown	0.0	50	0.00375	5	w2v
16	brown	0.0	50	0.004	5	w2v
17	brown	0.0	50	0.00425	5	w2v
18	brown	0.0	50	0.0045	5	w2v
19	brown	0.0	50	0.00475	5	w2v
20	brown	0.0	50	0.005	5	w2v
21	brown	0.0	50	0.00525	5	w2v
22	brown	0.0	50	0.0055	5	w2v
23	brown	0.0	50	0.00575	5	w2v
24	brown	0.0	50	0.006	5	w2v
25	brown	1.10074928257	50	0.00625	5	w2v
26	brown	0.736071083423	50	0.0065	5	w2v
27	brown	2.17194193134	50	0.00675	5	w2v
28	brown	1.06212576209	50	0.007	5	w2v
29	brown	4.34073477651	50	0.00725	5	w2v
30	brown	5.02052056162	50	0.0075	5	w2v
31	brown	7.02843149987	50	0.00775	5	w2v
32	brown	10.2644109256	50	0.008	5	w2v
33	brown	10.0269004511	50	0.00825	5	w2v
34	brown	10.0904302261	50	0.0085	5	w2v
35	brown	11.1459087503	50	0.00875	5	w2v
36	brown	13.7330379232	50	0.009	5	w2v
37	brown	11.0439498438	50	0.00925	5	w2v
38	brown	9.30493163486	50	0.0095	5	w2v
39	brown	8.82037650617	50	0.00975	5	w2v
40	brown	8.02206569951	50	0.01	5	w2v
41	brown	7.95541875001	50	0.01025	5	w2v
42	brown	6.78396817582	50	0.0105	5	w2v
43	brown	6.3545841869	50	0.01075	5	w2v
44	brown	5.33940037609	50	0.011	5	w2v
45	brown	4.91060603504	50	0.01125	5	w2v
46	brown	3.75256729985	50	0.0115	5	w2v
47	brown	3.54688414252	50	0.01175	5	w2v
48	brown	3.24484568664	50	0.012	5	w2v
49	brown	3.25371173527	50	0.01225	5	w2v
50	brown	2.47011609962	50	0.0125	5	w2v
51	brown	2.22218451112	50	0.01275	5	w2v
52	brown	2.07904251388	50	0.013	5	w2v
53	brown	2.0379294529	50	0.01325	5	w2v
54	brown	2.16915394991	50	0.0135	5	w2v
55	brown	1.80955485069	50	0.01375	5	w2v
56	brown	1.54124464491	50	0.014	5	w2v
57	brown	1.55269477612	50	0.01425	5	w2v
58	brown	1.49550125305	50	0.0145	5	w2v
59	brown	1.27109232397	50	0.01475	5	w2v
60	brown	1.29925742586	50	0.015	5	w2v
61	brown	1.0399187057	50	0.01525	5	w2v
62	brown	1.20798787932	50	0.0155	5	w2v
63	brown	1.0779291571	50	0.01575	5	w2v
64	brown	1.00933695634	50	0.016	5	w2v
65	brown	0.89126838963	50	0.01625	5	w2v
66	brown	0.993995304311	50	0.0165	5	w2v
67	brown	0.825188958439	50	0.01675	5	w2v
68	brown	0.912023655003	50	0.017	5	w2v
69	brown	0.768894392652	50	0.01725	5	w2v
70	brown	0.924700206238	50	0.0175	5	w2v
71	brown	0.8830833467	50	0.01775	5	w2v
72	brown	0.653689639501	50	0.018	5	w2v
73	brown	0.768543581531	50	0.01825	5	w2v
74	brown	0.762320787072	50	0.0185	5	w2v
75	brown	0.816587899078	50	0.01875	5	w2v
76	brown	0.627758431323	50	0.019	5	w2v
77	brown	0.683122981983	50	0.01925	5	w2v
78	brown	0.720904713895	50	0.0195	5	w2v
79	brown	0.784898128776	50	0.01975	5	w2v
80	brown	0.760597942831	50	0.02	5	w2v
81	brown	0.559522230609	50	0.02025	5	w2v
82	brown	0.633683894722	50	0.0205	5	w2v
83	brown	0.68111616817	50	0.02075	5	w2v
84	brown	0.495332701006	50	0.021	5	w2v
85	brown	0.525369114577	50	0.02125	5	w2v
86	brown	0.482854372998	50	0.0215	5	w2v
87	brown	0.622706473059	50	0.02175	5	w2v
88	brown	0.340824273418	50	0.022	5	w2v
89	brown	0.408163956947	50	0.02225	5	w2v
90	brown	0.485351010413	50	0.0225	5	w2v
91	brown	0.591014780786	50	0.02275	5	w2v
92	brown	0.471454125057	50	0.023	5	w2v
93	brown	0.49304988546	50	0.02325	5	w2v
94	brown	0.429130392541	50	0.0235	5	w2v
95	brown	0.479558742958	50	0.02375	5	w2v
96	brown	0.472539562681	50	0.024	5	w2v
97	brown	0.38801820307	50	0.02425	5	w2v
98	brown	0.58508728001	50	0.0245	5	w2v
99	brown	0.362724576447	50	0.02475	5	w2v
100	brown	0.424110187744	50	0.025	5	w2v
101	brown	0.535355379125	50	0.02525	5	w2v
102	brown	0.428471439128	50	0.0255	5	w2v
103	brown	0.36083428126	50	0.02575	5	w2v
104	brown	0.403316604648	50	0.026	5	w2v
105	brown	0.405610688425	50	0.02625	5	w2v
106	brown	0.356986649758	50	0.0265	5	w2v
107	brown	0.338645157956	50	0.02675	5	w2v
108	brown	0.381949072621	50	0.027	5	w2v
109	brown	0.45663666919	50	0.02725	5	w2v
110	brown	0.333929413369	50	0.0275	5	w2v
111	brown	0.377857190583	50	0.02775	5	w2v
112	brown	0.390494560882	50	0.028	5	w2v
113	brown	0.318430768438	50	0.02825	5	w2v
114	brown	0.320337629989	50	0.0285	5	w2v
115	brown	0.268590601706	50	0.02875	5	w2v
116	brown	0.32426988283	50	0.029	5	w2v
117	brown	0.412965006073	50	0.02925	5	w2v
118	brown	0.273203645621	50	0.0295	5	w2v
119	brown	0.351727414033	50	0.02975	5	w2v
120	brown	0.419820147816	50	0.03	5	w2v
121	brown	0.344238107888	50	0.03025	5	w2v
122	brown	0.201074981773	50	0.0305	5	w2v
123	brown	0.348344626767	50	0.03075	5	w2v
124	brown	0.384013480742	50	0.031	5	w2v
125	brown	0.329230886143	50	0.03125	5	w2v
126	brown	0.342383846429	50	0.0315	5	w2v
127	brown	0.241008782727	50	0.03175	5	w2v
128	brown	0.369251264113	50	0.032	5	w2v
129	brown	0.382637048263	50	0.03225	5	w2v
130	brown	0.314638966417	50	0.0325	5	w2v
131	brown	0.351383569598	50	0.03275	5	w2v
132	brown	0.223746935831	50	0.033	5	w2v
133	brown	0.331528553688	50	0.03325	5	w2v
134	brown	0.428228688897	50	0.0335	5	w2v
135	brown	0.251024471673	50	0.03375	5	w2v
136	brown	0.240400536773	50	0.034	5	w2v
137	brown	0.458935601258	50	0.03425	5	w2v
138	brown	0.279049296028	50	0.0345	5	w2v
139	brown	0.353579936369	50	0.03475	5	w2v
140	brown	0.281795285936	50	0.035	5	w2v
141	brown	0.332432965512	50	0.03525	5	w2v
142	brown	0.321641320275	50	0.0355	5	w2v
143	brown	0.236233555607	50	0.03575	5	w2v
144	brown	0.262464967653	50	0.036	5	w2v
145	brown	0.263802185149	50	0.03625	5	w2v
146	brown	0.302971788127	50	0.0365	5	w2v
147	brown	0.266393375835	50	0.03675	5	w2v
148	brown	0.229500337511	50	0.037	5	w2v
149	brown	0.21788254737	50	0.03725	5	w2v
150	brown	0.360570421131	50	0.0375	5	w2v
151	brown	0.271655151027	50	0.03775	5	w2v
152	brown	0.221004319005	50	0.038	5	w2v
153	brown	0.261297972895	50	0.03825	5	w2v
154	brown	0.249436239919	50	0.0385	5	w2v
155	brown	0.250646062138	50	0.03875	5	w2v
156	brown	0.119348834972	50	0.039	5	w2v
157	brown	0.213305562853	50	0.03925	5	w2v
158	brown	0.308065158666	50	0.0395	5	w2v
159	brown	0.255640534975	50	0.03975	5	w2v
160	brown	0.297346491559	50	0.04	5	w2v
161	brown	0.298645848578	50	0.04025	5	w2v
162	brown	0.381646345616	50	0.0405	5	w2v
163	brown	0.273731003691	50	0.04075	5	w2v
164	brown	0.206251742755	50	0.041	5	w2v
165	brown	0.110563342049	50	0.04125	5	w2v
166	brown	0.236120289122	50	0.0415	5	w2v
167	brown	0.251144657192	50	0.04175	5	w2v
168	brown	0.140194288343	50	0.042	5	w2v
169	brown	0.267627151522	50	0.04225	5	w2v
170	brown	0.16980615022	50	0.0425	5	w2v
171	brown	0.227471825228	50	0.04275	5	w2v
172	brown	0.228495129901	50	0.043	5	w2v
173	brown	0.258183856709	50	0.04325	5	w2v
174	brown	0.216098507424	50	0.0435	5	w2v
175	brown	0.202605230081	50	0.04375	5	w2v
176	brown	0.218053226913	50	0.044	5	w2v
177	brown	0.175236078913	50	0.04425	5	w2v
178	brown	0.176049525058	50	0.0445	5	w2v
179	brown	0.279950081715	50	0.04475	5	w2v
180	brown	0.32541103979	50	0.045	5	w2v
181	brown	0.28211984871	50	0.04525	5	w2v
182	brown	0.149125309309	50	0.0455	5	w2v
183	brown	0.209713789531	50	0.04575	5	w2v
184	brown	0.180542669543	50	0.046	5	w2v
185	brown	0.211550504411	50	0.04625	5	w2v
186	brown	0.288264569105	50	0.0465	5	w2v
187	brown	0.289362974666	50	0.04675	5	w2v
188	brown	0.336278898307	50	0.047	5	w2v
189	brown	0.168805547276	50	0.04725	5	w2v
190	brown	0.231160764384	50	0.0475	5	w2v
191	brown	0.278477361006	50	0.04775	5	w2v
192	brown	0.124283479161	50	0.048	5	w2v
193	brown	0.202837933453	50	0.04825	5	w2v
194	brown	0.141026885852	50	0.0485	5	w2v
195	brown	0.283195955472	50	0.04875	5	w2v
196	brown	0.126376449994	50	0.049	5	w2v
197	brown	0.285495745591	50	0.04925	5	w2v
198	brown	0.143315254042	50	0.0495	5	w2v
0	brown	0.0	50	0.0	6	w2v
1	brown	0.0	50	0.00025	6	w2v
2	brown	0.0	50	0.0005	6	w2v
3	brown	0.0	50	0.00075	6	w2v
4	brown	0.0	50	0.001	6	w2v
5	brown	0.0	50	0.00125	6	w2v
6	brown	0.0	50	0.0015	6	w2v
7	brown	0.0	50	0.00175	6	w2v
8	brown	0.0	50	0.002	6	w2v
9	brown	0.0	50	0.00225	6	w2v
10	brown	0.0	50	0.0025	6	w2v
11	brown	0.0	50	0.00275	6	w2v
12	brown	0.0	50	0.003	6	w2v
13	brown	0.0	50	0.00325	6	w2v
14	brown	0.0	50	0.0035	6	w2v
15	brown	0.0	50	0.00375	6	w2v
16	brown	0.0	50	0.004	6	w2v
17	brown	0.0	50	0.00425	6	w2v
18	brown	0.0	50	0.0045	6	w2v
19	brown	0.0	50	0.00475	6	w2v
20	brown	0.0	50	0.005	6	w2v
21	brown	0.0	50	0.00525	6	w2v
22	brown	0.0	50	0.0055	6	w2v
23	brown	1.01439292754	50	0.00575	6	w2v
24	brown	1.01379701431	50	0.006	6	w2v
25	brown	1.01324849689	50	0.00625	6	w2v
26	brown	2.30552784356	50	0.0065	6	w2v
27	brown	3.09280367181	50	0.00675	6	w2v
28	brown	6.23741579698	50	0.007	6	w2v
29	brown	7.52490341615	50	0.00725	6	w2v
30	brown	10.7764593063	50	0.0075	6	w2v
31	brown	8.98788919989	50	0.00775	6	w2v
32	brown	9.4056937561	50	0.008	6	w2v
33	brown	9.15083402996	50	0.00825	6	w2v
34	brown	10.2662381303	50	0.0085	6	w2v
35	brown	8.79247858745	50	0.00875	6	w2v
36	brown	8.66312409645	50	0.009	6	w2v
37	brown	8.4628883079	50	0.00925	6	w2v
38	brown	7.08421217734	50	0.0095	6	w2v
39	brown	6.44183453361	50	0.00975	6	w2v
40	brown	6.64195786156	50	0.01	6	w2v
41	brown	5.59326024863	50	0.01025	6	w2v
42	brown	4.94614422129	50	0.0105	6	w2v
43	brown	4.42782801711	50	0.01075	6	w2v
44	brown	3.92405652815	50	0.011	6	w2v
45	brown	3.15435736928	50	0.01125	6	w2v
46	brown	3.45718345965	50	0.0115	6	w2v
47	brown	2.76745322506	50	0.01175	6	w2v
48	brown	2.31117076125	50	0.012	6	w2v
49	brown	2.48861837472	50	0.01225	6	w2v
50	brown	2.37731401902	50	0.0125	6	w2v
51	brown	2.23724097943	50	0.01275	6	w2v
52	brown	1.96543689648	50	0.013	6	w2v
53	brown	1.75104940496	50	0.01325	6	w2v
54	brown	1.54946352864	50	0.0135	6	w2v
55	brown	1.58067096259	50	0.01375	6	w2v
56	brown	1.56458855841	50	0.014	6	w2v
57	brown	1.39447630468	50	0.01425	6	w2v
58	brown	1.27624962882	50	0.0145	6	w2v
59	brown	1.33361363155	50	0.01475	6	w2v
60	brown	1.38018752231	50	0.015	6	w2v
61	brown	1.18400636868	50	0.01525	6	w2v
62	brown	1.2786515226	50	0.0155	6	w2v
63	brown	1.36176219417	50	0.01575	6	w2v
64	brown	1.17760248377	50	0.016	6	w2v
65	brown	1.05085189081	50	0.01625	6	w2v
66	brown	0.846675104508	50	0.0165	6	w2v
67	brown	1.19391108493	50	0.01675	6	w2v
68	brown	0.89926255816	50	0.017	6	w2v
69	brown	0.891708421433	50	0.01725	6	w2v
70	brown	0.972905376044	50	0.0175	6	w2v
71	brown	0.751214177086	50	0.01775	6	w2v
72	brown	0.905406995436	50	0.018	6	w2v
73	brown	0.781575703123	50	0.01825	6	w2v
74	brown	0.721107930578	50	0.0185	6	w2v
75	brown	0.81376843656	50	0.01875	6	w2v
76	brown	0.571940167468	50	0.019	6	w2v
77	brown	0.793091253619	50	0.01925	6	w2v
78	brown	0.786092817844	50	0.0195	6	w2v
79	brown	0.915791163382	50	0.01975	6	w2v
80	brown	0.898517135981	50	0.02	6	w2v
81	brown	0.735140648008	50	0.02025	6	w2v
82	brown	0.581338612992	50	0.0205	6	w2v
83	brown	0.565782683602	50	0.02075	6	w2v
84	brown	0.707966333978	50	0.021	6	w2v
85	brown	0.654523294147	50	0.02125	6	w2v
86	brown	0.71324335782	50	0.0215	6	w2v
87	brown	0.471439974596	50	0.02175	6	w2v
88	brown	0.653831875704	50	0.022	6	w2v
89	brown	0.637413017516	50	0.02225	6	w2v
90	brown	0.601896332	50	0.0225	6	w2v
91	brown	0.633214217457	50	0.02275	6	w2v
92	brown	0.539692044579	50	0.023	6	w2v
93	brown	0.532704707168	50	0.02325	6	w2v
94	brown	0.535352052255	50	0.0235	6	w2v
95	brown	0.684164109003	50	0.02375	6	w2v
96	brown	0.471207299347	50	0.024	6	w2v
97	brown	0.394973784206	50	0.02425	6	w2v
98	brown	0.466797973389	50	0.0245	6	w2v
99	brown	0.539021660701	50	0.02475	6	w2v
100	brown	0.461466358526	50	0.025	6	w2v
101	brown	0.443801151759	50	0.02525	6	w2v
102	brown	0.567583223414	50	0.0255	6	w2v
103	brown	0.519202282631	50	0.02575	6	w2v
104	brown	0.572599802787	50	0.026	6	w2v
105	brown	0.626109909528	50	0.02625	6	w2v
106	brown	0.433008063683	50	0.0265	6	w2v
107	brown	0.549021565762	50	0.02675	6	w2v
108	brown	0.405955291634	50	0.027	6	w2v
109	brown	0.616898752593	50	0.02725	6	w2v
110	brown	0.32569328274	50	0.0275	6	w2v
111	brown	0.296006533303	50	0.02775	6	w2v
112	brown	0.308494214248	50	0.028	6	w2v
113	brown	0.353130513573	50	0.02825	6	w2v
114	brown	0.441065059896	50	0.0285	6	w2v
115	brown	0.443209904928	50	0.02875	6	w2v
116	brown	0.434496670324	50	0.029	6	w2v
117	brown	0.414806548378	50	0.02925	6	w2v
118	brown	0.482552176093	50	0.0295	6	w2v
119	brown	0.484650799485	50	0.02975	6	w2v
120	brown	0.4425652149	50	0.03	6	w2v
121	brown	0.45569937509	50	0.03025	6	w2v
122	brown	0.424298496344	50	0.0305	6	w2v
123	brown	0.38148272887	50	0.03075	6	w2v
124	brown	0.315816554411	50	0.031	6	w2v
125	brown	0.351523104511	50	0.03125	6	w2v
126	brown	0.353334426081	50	0.0315	6	w2v
127	brown	0.286476879618	50	0.03175	6	w2v
128	brown	0.403126517346	50	0.032	6	w2v
129	brown	0.27784603506	50	0.03225	6	w2v
130	brown	0.384010168497	50	0.0325	6	w2v
131	brown	0.350789910008	50	0.03275	6	w2v
132	brown	0.375984988847	50	0.033	6	w2v
133	brown	0.448460135267	50	0.03325	6	w2v
134	brown	0.296424020055	50	0.0335	6	w2v
135	brown	0.274157635188	50	0.03375	6	w2v
136	brown	0.431164526427	50	0.034	6	w2v
137	brown	0.252723126827	50	0.03425	6	w2v
138	brown	0.399081712	50	0.0345	6	w2v
139	brown	0.267333431796	50	0.03475	6	w2v
140	brown	0.329739295659	50	0.035	6	w2v
141	brown	0.270013703544	50	0.03525	6	w2v
142	brown	0.259078701663	50	0.0355	6	w2v
143	brown	0.334743278538	50	0.03575	6	w2v
144	brown	0.298964430709	50	0.036	6	w2v
145	brown	0.250386272875	50	0.03625	6	w2v
146	brown	0.23910061505	50	0.0365	6	w2v
147	brown	0.278253175521	50	0.03675	6	w2v
148	brown	0.203406505675	50	0.037	6	w2v
149	brown	0.319402425867	50	0.03725	6	w2v
150	brown	0.192594122118	50	0.0375	6	w2v
151	brown	0.245217887922	50	0.03775	6	w2v
152	brown	0.233477137032	50	0.038	6	w2v
153	brown	0.325804463084	50	0.03825	6	w2v
154	brown	0.170247356758	50	0.0385	6	w2v
155	brown	0.223787627161	50	0.03875	6	w2v
156	brown	0.198460694708	50	0.039	6	w2v
157	brown	0.398699405126	50	0.03925	6	w2v
158	brown	0.240251880632	50	0.0395	6	w2v
159	brown	0.294997016056	50	0.03975	6	w2v
160	brown	0.242466739708	50	0.04	6	w2v
161	brown	0.311213546271	50	0.04025	6	w2v
162	brown	0.312538308084	50	0.0405	6	w2v
163	brown	0.286589889881	50	0.04075	6	w2v
164	brown	0.233050698426	50	0.041	6	w2v
165	brown	0.302936179301	50	0.04125	6	w2v
166	brown	0.152174369322	50	0.0415	6	w2v
167	brown	0.222424469549	50	0.04175	6	w2v
168	brown	0.195539898946	50	0.042	6	w2v
169	brown	0.23854398921	50	0.04225	6	w2v
170	brown	0.112801533218	50	0.0425	6	w2v
171	brown	0.198380026851	50	0.04275	6	w2v
172	brown	0.113917466189	50	0.043	6	w2v
173	brown	0.228928972276	50	0.04325	6	w2v
174	brown	0.215582355523	50	0.0435	6	w2v
175	brown	0.360768792844	50	0.04375	6	w2v
176	brown	0.231816848764	50	0.044	6	w2v
177	brown	0.261906068444	50	0.04425	6	w2v
178	brown	0.248392956506	50	0.0445	6	w2v
179	brown	0.337391454882	50	0.04475	6	w2v
180	brown	0.206201045392	50	0.045	6	w2v
181	brown	0.162746695191	50	0.04525	6	w2v
182	brown	0.312003203028	50	0.0455	6	w2v
183	brown	0.164111967078	50	0.04575	6	w2v
184	brown	0.254719845679	50	0.046	6	w2v
185	brown	0.255747363244	50	0.04625	6	w2v
186	brown	0.105772485898	50	0.0465	6	w2v
187	brown	0.242835786645	50	0.04675	6	w2v
188	brown	0.152421418439	50	0.047	6	w2v
189	brown	0.244910612759	50	0.04725	6	w2v
190	brown	0.184443676717	50	0.0475	6	w2v
191	brown	0.0926386689862	50	0.04775	6	w2v
192	brown	0.232609164041	50	0.048	6	w2v
193	brown	0.124587252166	50	0.04825	6	w2v
194	brown	0.218960621525	50	0.0485	6	w2v
195	brown	0.204144318212	50	0.04875	6	w2v
196	brown	0.220732917599	50	0.049	6	w2v
197	brown	0.189964341088	50	0.04925	6	w2v
198	brown	0.143074224082	50	0.0495	6	w2v
0	brown	0.0	50	0.0	7	w2v
1	brown	0.0	50	0.00025	7	w2v
2	brown	0.0	50	0.0005	7	w2v
3	brown	0.0	50	0.00075	7	w2v
4	brown	0.0	50	0.001	7	w2v
5	brown	0.0	50	0.00125	7	w2v
6	brown	0.0	50	0.0015	7	w2v
7	brown	0.0	50	0.00175	7	w2v
8	brown	0.0	50	0.002	7	w2v
9	brown	0.0	50	0.00225	7	w2v
10	brown	0.0	50	0.0025	7	w2v
11	brown	0.0	50	0.00275	7	w2v
12	brown	0.0	50	0.003	7	w2v
13	brown	0.0	50	0.00325	7	w2v
14	brown	0.0	50	0.0035	7	w2v
15	brown	0.0	50	0.00375	7	w2v
16	brown	0.0	50	0.004	7	w2v
17	brown	0.0	50	0.00425	7	w2v
18	brown	0.0	50	0.0045	7	w2v
19	brown	0.0	50	0.00475	7	w2v
20	brown	0.299216034003	50	0.005	7	w2v
21	brown	0.0	50	0.00525	7	w2v
22	brown	0.323693294032	50	0.0055	7	w2v
23	brown	0.0	50	0.00575	7	w2v
24	brown	1.0279801267	50	0.006	7	w2v
25	brown	3.27330016021	50	0.00625	7	w2v
26	brown	1.24714101264	50	0.0065	7	w2v
27	brown	6.9454802036	50	0.00675	7	w2v
28	brown	6.56176571076	50	0.007	7	w2v
29	brown	10.0145015061	50	0.00725	7	w2v
30	brown	9.11812269678	50	0.0075	7	w2v
31	brown	10.0197238483	50	0.00775	7	w2v
32	brown	9.98465019466	50	0.008	7	w2v
33	brown	9.31624232263	50	0.00825	7	w2v
34	brown	8.57655115513	50	0.0085	7	w2v
35	brown	8.21392429706	50	0.00875	7	w2v
36	brown	8.87034048452	50	0.009	7	w2v
37	brown	6.54559525119	50	0.00925	7	w2v
38	brown	6.81209273908	50	0.0095	7	w2v
39	brown	5.65354573537	50	0.00975	7	w2v
40	brown	5.16607604794	50	0.01	7	w2v
41	brown	4.89869293024	50	0.01025	7	w2v
42	brown	4.98066193199	50	0.0105	7	w2v
43	brown	3.77236992474	50	0.01075	7	w2v
44	brown	3.55096376318	50	0.011	7	w2v
45	brown	2.92434954489	50	0.01125	7	w2v
46	brown	2.77550028986	50	0.0115	7	w2v
47	brown	2.69642457275	50	0.01175	7	w2v
48	brown	2.35094239805	50	0.012	7	w2v
49	brown	2.24869165927	50	0.01225	7	w2v
50	brown	2.4560900839	50	0.0125	7	w2v
51	brown	1.8968102082	50	0.01275	7	w2v
52	brown	2.00497899563	50	0.013	7	w2v
53	brown	1.99546775252	50	0.01325	7	w2v
54	brown	1.56245778186	50	0.0135	7	w2v
55	brown	1.60059196398	50	0.01375	7	w2v
56	brown	1.5660039399	50	0.014	7	w2v
57	brown	1.26866461108	50	0.01425	7	w2v
58	brown	1.28925249259	50	0.0145	7	w2v
59	brown	1.29176754364	50	0.01475	7	w2v
60	brown	1.31169849161	50	0.015	7	w2v
61	brown	1.30508324204	50	0.01525	7	w2v
62	brown	1.11732435704	50	0.0155	7	w2v
63	brown	1.15843353515	50	0.01575	7	w2v
64	brown	1.02629559376	50	0.016	7	w2v
65	brown	1.13792840625	50	0.01625	7	w2v
66	brown	1.03235402852	50	0.0165	7	w2v
67	brown	1.02325370683	50	0.01675	7	w2v
68	brown	0.876477040557	50	0.017	7	w2v
69	brown	0.94711340143	50	0.01725	7	w2v
70	brown	0.956461386811	50	0.0175	7	w2v
71	brown	0.853259734295	50	0.01775	7	w2v
72	brown	0.881005115187	50	0.018	7	w2v
73	brown	0.899801244405	50	0.01825	7	w2v
74	brown	0.918401128774	50	0.0185	7	w2v
75	brown	0.78001759056	50	0.01875	7	w2v
76	brown	0.668501116317	50	0.019	7	w2v
77	brown	0.724129223077	50	0.01925	7	w2v
78	brown	0.647253060397	50	0.0195	7	w2v
79	brown	0.570270649018	50	0.01975	7	w2v
80	brown	0.778378939022	50	0.02	7	w2v
81	brown	0.664348725521	50	0.02025	7	w2v
82	brown	0.649104788007	50	0.0205	7	w2v
83	brown	0.642825526891	50	0.02075	7	w2v
84	brown	0.790352931874	50	0.021	7	w2v
85	brown	0.510824673125	50	0.02125	7	w2v
86	brown	0.577732262287	50	0.0215	7	w2v
87	brown	0.451858867182	50	0.02175	7	w2v
88	brown	0.482436568997	50	0.022	7	w2v
89	brown	0.596849185911	50	0.02225	7	w2v
90	brown	0.534140563102	50	0.0225	7	w2v
91	brown	0.518089602506	50	0.02275	7	w2v
92	brown	0.49247102637	50	0.023	7	w2v
93	brown	0.542632404042	50	0.02325	7	w2v
94	brown	0.44028839248	50	0.0235	7	w2v
95	brown	0.48129890904	50	0.02375	7	w2v
96	brown	0.445277174461	50	0.024	7	w2v
97	brown	0.438111630199	50	0.02425	7	w2v
98	brown	0.469930261262	50	0.0245	7	w2v
99	brown	0.442984883223	50	0.02475	7	w2v
100	brown	0.43557628424	50	0.025	7	w2v
101	brown	0.447944928883	50	0.02525	7	w2v
102	brown	0.460356427183	50	0.0255	7	w2v
103	brown	0.442691894225	50	0.02575	7	w2v
104	brown	0.374386311297	50	0.026	7	w2v
105	brown	0.468026967312	50	0.02625	7	w2v
106	brown	0.388721041093	50	0.0265	7	w2v
107	brown	0.34985899008	50	0.02675	7	w2v
108	brown	0.486242902154	50	0.027	7	w2v
109	brown	0.343241780532	50	0.02725	7	w2v
110	brown	0.355740706729	50	0.0275	7	w2v
111	brown	0.31577266252	50	0.02775	7	w2v
112	brown	0.476221647722	50	0.028	7	w2v
113	brown	0.393522657628	50	0.02825	7	w2v
114	brown	0.416964055322	50	0.0285	7	w2v
115	brown	0.397625264023	50	0.02875	7	w2v
116	brown	0.37812199598	50	0.029	7	w2v
117	brown	0.369289995832	50	0.02925	7	w2v
118	brown	0.436663033999	50	0.0295	7	w2v
119	brown	0.219566993598	50	0.02975	7	w2v
120	brown	0.408528765527	50	0.03	7	w2v
121	brown	0.28862344932	50	0.03025	7	w2v
122	brown	0.290309343133	50	0.0305	7	w2v
123	brown	0.235889455489	50	0.03075	7	w2v
124	brown	0.42915268952	50	0.031	7	w2v
125	brown	0.295132438444	50	0.03125	7	w2v
126	brown	0.262577130371	50	0.0315	7	w2v
127	brown	0.309980104321	50	0.03175	7	w2v
128	brown	0.30012438533	50	0.032	7	w2v
129	brown	0.359704550199	50	0.03225	7	w2v
130	brown	0.256635995055	50	0.0325	7	w2v
131	brown	0.234652750139	50	0.03275	7	w2v
132	brown	0.330304871008	50	0.033	7	w2v
133	brown	0.308285399476	50	0.03325	7	w2v
134	brown	0.381288364264	50	0.0335	7	w2v
135	brown	0.299340432332	50	0.03375	7	w2v
136	brown	0.264813713475	50	0.034	7	w2v
137	brown	0.229962509904	50	0.03425	7	w2v
138	brown	0.316347704622	50	0.0345	7	w2v
139	brown	0.330118377548	50	0.03475	7	w2v
140	brown	0.30715636141	50	0.035	7	w2v
141	brown	0.321000459437	50	0.03525	7	w2v
142	brown	0.198570894634	50	0.0355	7	w2v
143	brown	0.262031097966	50	0.03575	7	w2v
144	brown	0.263376186202	50	0.036	7	w2v
145	brown	0.28990236359	50	0.03625	7	w2v
146	brown	0.266005697965	50	0.0365	7	w2v
147	brown	0.305487375391	50	0.03675	7	w2v
148	brown	0.383554510685	50	0.037	7	w2v
149	brown	0.269703977128	50	0.03725	7	w2v
150	brown	0.283912605065	50	0.0375	7	w2v
151	brown	0.28526094518	50	0.03775	7	w2v
152	brown	0.16942213392	50	0.038	7	w2v
153	brown	0.235810426848	50	0.03825	7	w2v
154	brown	0.223826434018	50	0.0385	7	w2v
155	brown	0.211725964587	50	0.03875	7	w2v
156	brown	0.279237834213	50	0.039	7	w2v
157	brown	0.267174739044	50	0.03925	7	w2v
158	brown	0.308638958587	50	0.0395	7	w2v
159	brown	0.202230884874	50	0.03975	7	w2v
160	brown	0.230320486357	50	0.04	7	w2v
161	brown	0.272228440358	50	0.04025	7	w2v
162	brown	0.246128519724	50	0.0405	7	w2v
163	brown	0.219812808929	50	0.04075	7	w2v
164	brown	0.207065222759	50	0.041	7	w2v
165	brown	0.318921670381	50	0.04125	7	w2v
166	brown	0.264583377759	50	0.0415	7	w2v
167	brown	0.153906749946	50	0.04175	7	w2v
168	brown	0.309225071742	50	0.042	7	w2v
169	brown	0.23997435964	50	0.04225	7	w2v
170	brown	0.24104887304	50	0.0425	7	w2v
171	brown	0.213653340315	50	0.04275	7	w2v
172	brown	0.143117503362	50	0.043	7	w2v
173	brown	0.215697080981	50	0.04325	7	w2v
174	brown	0.158918315979	50	0.0435	7	w2v
175	brown	0.217714362576	50	0.04375	7	w2v
176	brown	0.189541454928	50	0.044	7	w2v
177	brown	0.20504940206	50	0.04425	7	w2v
178	brown	0.176557416121	50	0.0445	7	w2v
179	brown	0.221686499398	50	0.04475	7	w2v
180	brown	0.148461546714	50	0.045	7	w2v
181	brown	0.253501433369	50	0.04525	7	w2v
182	brown	0.28446548474	50	0.0455	7	w2v
183	brown	0.210469762721	50	0.04575	7	w2v
184	brown	0.181192794654	50	0.046	7	w2v
185	brown	0.303227776165	50	0.04625	7	w2v
186	brown	0.167462162583	50	0.0465	7	w2v
187	brown	0.336267329244	50	0.04675	7	w2v
188	brown	0.184141556076	50	0.047	7	w2v
189	brown	0.169533187079	50	0.04725	7	w2v
190	brown	0.216687858572	50	0.0475	7	w2v
191	brown	0.170974826764	50	0.04775	7	w2v
192	brown	0.234117960222	50	0.048	7	w2v
193	brown	0.266366508617	50	0.04825	7	w2v
194	brown	0.20449631308	50	0.0485	7	w2v
195	brown	0.157966697138	50	0.04875	7	w2v
196	brown	0.317165069117	50	0.049	7	w2v
197	brown	0.175109458829	50	0.04925	7	w2v
198	brown	0.239743473144	50	0.0495	7	w2v
0	text8	0.0	50	0.0	1	w2v
1	text8	0.0	50	0.00025	1	w2v
2	text8	0.0	50	0.0005	1	w2v
3	text8	0.0	50	0.00075	1	w2v
4	text8	0.0	50	0.001	1	w2v
5	text8	0.0	50	0.00125	1	w2v
6	text8	0.0	50	0.0015	1	w2v
7	text8	0.0210066776993	50	0.00175	1	w2v
8	text8	0.0474313357395	50	0.002	1	w2v
9	text8	0.0789842692543	50	0.00225	1	w2v
10	text8	1.45882684012	50	0.0025	1	w2v
11	text8	6.1437909417	50	0.00275	1	w2v
12	text8	10.2982396223	50	0.003	1	w2v
13	text8	10.6854461002	50	0.00325	1	w2v
14	text8	8.95190574788	50	0.0035	1	w2v
15	text8	6.73257012851	50	0.00375	1	w2v
16	text8	5.00830474995	50	0.004	1	w2v
17	text8	3.88425515967	50	0.00425	1	w2v
18	text8	2.85887476743	50	0.0045	1	w2v
19	text8	2.3409170169	50	0.00475	1	w2v
20	text8	1.97186253673	50	0.005	1	w2v
21	text8	1.67745612288	50	0.00525	1	w2v
22	text8	1.49139724397	50	0.0055	1	w2v
23	text8	1.30641751567	50	0.00575	1	w2v
24	text8	1.16021635621	50	0.006	1	w2v
25	text8	1.03053904902	50	0.00625	1	w2v
26	text8	0.9606857357	50	0.0065	1	w2v
27	text8	0.879260232416	50	0.00675	1	w2v
28	text8	0.840539246175	50	0.007	1	w2v
29	text8	0.798442420585	50	0.00725	1	w2v
30	text8	0.719768127222	50	0.0075	1	w2v
31	text8	0.756361035552	50	0.00775	1	w2v
32	text8	0.710116069353	50	0.008	1	w2v
33	text8	0.600688761472	50	0.00825	1	w2v
34	text8	0.664229961754	50	0.0085	1	w2v
35	text8	0.602759127906	50	0.00875	1	w2v
36	text8	0.565841220796	50	0.009	1	w2v
37	text8	0.563141641215	50	0.00925	1	w2v
38	text8	0.528400631314	50	0.0095	1	w2v
39	text8	0.534786540182	50	0.00975	1	w2v
40	text8	0.53308508532	50	0.01	1	w2v
41	text8	0.429560894363	50	0.01025	1	w2v
42	text8	0.46162367762	50	0.0105	1	w2v
43	text8	0.416129445014	50	0.01075	1	w2v
44	text8	0.445796381265	50	0.011	1	w2v
45	text8	0.431560877719	50	0.01125	1	w2v
46	text8	0.424530601626	50	0.0115	1	w2v
47	text8	0.424919636601	50	0.01175	1	w2v
48	text8	0.374400008737	50	0.012	1	w2v
49	text8	0.413790771644	50	0.01225	1	w2v
50	text8	0.377642117203	50	0.0125	1	w2v
51	text8	0.347812187221	50	0.01275	1	w2v
52	text8	0.363476158858	50	0.013	1	w2v
53	text8	0.34396217945	50	0.01325	1	w2v
54	text8	0.377591504617	50	0.0135	1	w2v
55	text8	0.377622085735	50	0.01375	1	w2v
56	text8	0.363550883305	50	0.014	1	w2v
57	text8	0.321932049047	50	0.01425	1	w2v
58	text8	0.36753152605	50	0.0145	1	w2v
59	text8	0.361470917533	50	0.01475	1	w2v
60	text8	0.336091791708	50	0.015	1	w2v
61	text8	0.327251624705	50	0.01525	1	w2v
62	text8	0.321615096099	50	0.0155	1	w2v
63	text8	0.351813545228	50	0.01575	1	w2v
64	text8	0.328388156646	50	0.016	1	w2v
65	text8	0.28907303317	50	0.01625	1	w2v
66	text8	0.314989590872	50	0.0165	1	w2v
67	text8	0.325489036551	50	0.01675	1	w2v
68	text8	0.29200671945	50	0.017	1	w2v
69	text8	0.282641821785	50	0.01725	1	w2v
70	text8	0.285547467052	50	0.0175	1	w2v
71	text8	0.264438252701	50	0.01775	1	w2v
72	text8	0.329639526796	50	0.018	1	w2v
73	text8	0.267032005662	50	0.01825	1	w2v
74	text8	0.281388733756	50	0.0185	1	w2v
75	text8	0.267024851897	50	0.01875	1	w2v
76	text8	0.255023169947	50	0.019	1	w2v
77	text8	0.248125527976	50	0.01925	1	w2v
78	text8	0.219422256602	50	0.0195	1	w2v
79	text8	0.27485366971	50	0.01975	1	w2v
80	text8	0.260820600106	50	0.02	1	w2v
81	text8	0.252084020803	50	0.02025	1	w2v
82	text8	0.279645951667	50	0.0205	1	w2v
83	text8	0.28490965807	50	0.02075	1	w2v
84	text8	0.287341383049	50	0.021	1	w2v
85	text8	0.229291568777	50	0.02125	1	w2v
86	text8	0.256052232885	50	0.0215	1	w2v
87	text8	0.243595204935	50	0.02175	1	w2v
88	text8	0.251607158745	50	0.022	1	w2v
89	text8	0.282042168249	50	0.02225	1	w2v
90	text8	0.236225337693	50	0.0225	1	w2v
91	text8	0.259425727143	50	0.02275	1	w2v
92	text8	0.255410576352	50	0.023	1	w2v
93	text8	0.24052420773	50	0.02325	1	w2v
94	text8	0.254890707117	50	0.0235	1	w2v
95	text8	0.294431601093	50	0.02375	1	w2v
96	text8	0.205193131221	50	0.024	1	w2v
97	text8	0.265680582506	50	0.02425	1	w2v
98	text8	0.234056235904	50	0.0245	1	w2v
99	text8	0.229417194342	50	0.02475	1	w2v
100	text8	0.25720613021	50	0.025	1	w2v
101	text8	0.23617057487	50	0.02525	1	w2v
102	text8	0.221437726087	50	0.0255	1	w2v
103	text8	0.21646288867	50	0.02575	1	w2v
104	text8	0.21307030129	50	0.026	1	w2v
105	text8	0.234932933854	50	0.02625	1	w2v
106	text8	0.265537528417	50	0.0265	1	w2v
107	text8	0.227986928357	50	0.02675	1	w2v
108	text8	0.243417076321	50	0.027	1	w2v
109	text8	0.227745008294	50	0.02725	1	w2v
110	text8	0.26956599078	50	0.0275	1	w2v
111	text8	0.243182762946	50	0.02775	1	w2v
112	text8	0.248374167244	50	0.028	1	w2v
113	text8	0.237541529053	50	0.02825	1	w2v
114	text8	0.284028233169	50	0.0285	1	w2v
115	text8	0.25146894393	50	0.02875	1	w2v
116	text8	0.205795392938	50	0.029	1	w2v
117	text8	0.220019021816	50	0.02925	1	w2v
118	text8	0.262036050156	50	0.0295	1	w2v
119	text8	0.230274256219	50	0.02975	1	w2v
120	text8	0.241090274188	50	0.03	1	w2v
121	text8	0.259513561947	50	0.03025	1	w2v
122	text8	0.245971254263	50	0.0305	1	w2v
123	text8	0.222756352967	50	0.03075	1	w2v
124	text8	0.25477819031	50	0.031	1	w2v
125	text8	0.244748980319	50	0.03125	1	w2v
126	text8	0.248155847152	50	0.0315	1	w2v
127	text8	0.251576169511	50	0.03175	1	w2v
128	text8	0.268726655573	50	0.032	1	w2v
129	text8	0.268282157335	50	0.03225	1	w2v
130	text8	0.26979492385	50	0.0325	1	w2v
131	text8	0.225458893603	50	0.03275	1	w2v
132	text8	0.224779356537	50	0.033	1	w2v
133	text8	0.304731026437	50	0.03325	1	w2v
134	text8	0.223211961645	50	0.0335	1	w2v
135	text8	0.246928425338	50	0.03375	1	w2v
136	text8	0.266748737758	50	0.034	1	w2v
137	text8	0.198090283046	50	0.03425	1	w2v
138	text8	0.180576963923	50	0.0345	1	w2v
139	text8	0.198334974324	50	0.03475	1	w2v
140	text8	0.216257955924	50	0.035	1	w2v
141	text8	0.230119871478	50	0.03525	1	w2v
142	text8	0.214401389135	50	0.0355	1	w2v
143	text8	0.247571080879	50	0.03575	1	w2v
144	text8	0.27887367665	50	0.036	1	w2v
145	text8	0.207015359823	50	0.03625	1	w2v
146	text8	0.23197274727	50	0.0365	1	w2v
147	text8	0.235364533598	50	0.03675	1	w2v
148	text8	0.262846440972	50	0.037	1	w2v
149	text8	0.237755016966	50	0.03725	1	w2v
150	text8	0.21464361352	50	0.0375	1	w2v
151	text8	0.235765700663	50	0.03775	1	w2v
152	text8	0.198976027378	50	0.038	1	w2v
153	text8	0.217986367546	50	0.03825	1	w2v
154	text8	0.207809361546	50	0.0385	1	w2v
155	text8	0.231560211815	50	0.03875	1	w2v
156	text8	0.171138686343	50	0.039	1	w2v
157	text8	0.199553717678	50	0.03925	1	w2v
158	text8	0.198262691437	50	0.0395	1	w2v
159	text8	0.210841794714	50	0.03975	1	w2v
160	text8	0.167667271229	50	0.04	1	w2v
161	text8	0.168535871286	50	0.04025	1	w2v
162	text8	0.169402660302	50	0.0405	1	w2v
163	text8	0.226984144485	50	0.04075	1	w2v
164	text8	0.201940463978	50	0.041	1	w2v
165	text8	0.159968652876	50	0.04125	1	w2v
166	text8	0.165576842266	50	0.0415	1	w2v
167	text8	0.16640582004	50	0.04175	1	w2v
168	text8	0.167233152284	50	0.042	1	w2v
169	text8	0.168058843892	50	0.04225	1	w2v
170	text8	0.163990096595	50	0.0425	1	w2v
171	text8	0.174626824791	50	0.04275	1	w2v
172	text8	0.19275623854	50	0.043	1	w2v
173	text8	0.161396068569	50	0.04325	1	w2v
174	text8	0.174644242239	50	0.0435	1	w2v
175	text8	0.167952936823	50	0.04375	1	w2v
176	text8	0.148607858301	50	0.044	1	w2v
177	text8	0.159443229429	50	0.04425	1	w2v
178	text8	0.137321032941	50	0.0445	1	w2v
179	text8	0.122657850508	50	0.04475	1	w2v
180	text8	0.0975853660446	50	0.045	1	w2v
181	text8	0.118713179162	50	0.04525	1	w2v
182	text8	0.0933634177192	50	0.0455	1	w2v
183	text8	0.0860099159068	50	0.04575	1	w2v
184	text8	0.0838193797016	50	0.046	1	w2v
185	text8	0.0816036408663	50	0.04625	1	w2v
186	text8	0.121675574768	50	0.0465	1	w2v
187	text8	0.0850506886376	50	0.04675	1	w2v
188	text8	0.106825855293	50	0.047	1	w2v
189	text8	0.099283974051	50	0.04725	1	w2v
190	text8	0.0943647764285	50	0.0475	1	w2v
191	text8	0.0866881621087	50	0.04775	1	w2v
192	text8	0.068051347633	50	0.048	1	w2v
193	text8	0.051971527477	50	0.04825	1	w2v
194	text8	0.0577227553866	50	0.0485	1	w2v
195	text8	0.0718098577989	50	0.04875	1	w2v
196	text8	0.0804740442028	50	0.049	1	w2v
197	text8	0.0697006501084	50	0.04925	1	w2v
198	text8	0.050423263654	50	0.0495	1	w2v
0	text8	0.0	50	0.0	2	w2v
1	text8	0.0	50	0.00025	2	w2v
2	text8	0.0	50	0.0005	2	w2v
3	text8	0.0	50	0.00075	2	w2v
4	text8	0.0	50	0.001	2	w2v
5	text8	0.0	50	0.00125	2	w2v
6	text8	0.0	50	0.0015	2	w2v
7	text8	0.0419545953843	50	0.00175	2	w2v
8	text8	0.0	50	0.002	2	w2v
9	text8	0.183791499699	50	0.00225	2	w2v
10	text8	1.67060687878	50	0.0025	2	w2v
11	text8	5.23597615683	50	0.00275	2	w2v
12	text8	9.52660220927	50	0.003	2	w2v
13	text8	10.9560136192	50	0.00325	2	w2v
14	text8	9.55358458543	50	0.0035	2	w2v
15	text8	7.35307738364	50	0.00375	2	w2v
16	text8	5.23954449507	50	0.004	2	w2v
17	text8	3.87172602077	50	0.00425	2	w2v
18	text8	2.89032387763	50	0.0045	2	w2v
19	text8	2.40802236022	50	0.00475	2	w2v
20	text8	1.90537656721	50	0.005	2	w2v
21	text8	1.66706132756	50	0.00525	2	w2v
22	text8	1.45156786236	50	0.0055	2	w2v
23	text8	1.32804986477	50	0.00575	2	w2v
24	text8	1.23633816088	50	0.006	2	w2v
25	text8	0.981761505305	50	0.00625	2	w2v
26	text8	0.915472894938	50	0.0065	2	w2v
27	text8	0.896876217855	50	0.00675	2	w2v
28	text8	0.8455195494	50	0.007	2	w2v
29	text8	0.797269477412	50	0.00725	2	w2v
30	text8	0.755697935824	50	0.0075	2	w2v
31	text8	0.688957166607	50	0.00775	2	w2v
32	text8	0.667660129485	50	0.008	2	w2v
33	text8	0.663855567516	50	0.00825	2	w2v
34	text8	0.603442832974	50	0.0085	2	w2v
35	text8	0.612740800157	50	0.00875	2	w2v
36	text8	0.545715239274	50	0.009	2	w2v
37	text8	0.562577523283	50	0.00925	2	w2v
38	text8	0.521013748104	50	0.0095	2	w2v
39	text8	0.470895841206	50	0.00975	2	w2v
40	text8	0.467430710568	50	0.01	2	w2v
41	text8	0.484227340388	50	0.01025	2	w2v
42	text8	0.448563490767	50	0.0105	2	w2v
43	text8	0.431398636893	50	0.01075	2	w2v
44	text8	0.440699296009	50	0.011	2	w2v
45	text8	0.460292635046	50	0.01125	2	w2v
46	text8	0.409526742849	50	0.0115	2	w2v
47	text8	0.409858583257	50	0.01175	2	w2v
48	text8	0.403185950122	50	0.012	2	w2v
49	text8	0.384368090783	50	0.01225	2	w2v
50	text8	0.384103831479	50	0.0125	2	w2v
51	text8	0.379627929349	50	0.01275	2	w2v
52	text8	0.375957748673	50	0.013	2	w2v
53	text8	0.342996712847	50	0.01325	2	w2v
54	text8	0.36926798561	50	0.0135	2	w2v
55	text8	0.367131131359	50	0.01375	2	w2v
56	text8	0.330395358645	50	0.014	2	w2v
57	text8	0.350625316393	50	0.01425	2	w2v
58	text8	0.336939292864	50	0.0145	2	w2v
59	text8	0.350761585421	50	0.01475	2	w2v
60	text8	0.31740091923	50	0.015	2	w2v
61	text8	0.322102773387	50	0.01525	2	w2v
62	text8	0.276090857523	50	0.0155	2	w2v
63	text8	0.331720776673	50	0.01575	2	w2v
64	text8	0.31282321298	50	0.016	2	w2v
65	text8	0.304237922663	50	0.01625	2	w2v
66	text8	0.320685671278	50	0.0165	2	w2v
67	text8	0.299643121189	50	0.01675	2	w2v
68	text8	0.295370539691	50	0.017	2	w2v
69	text8	0.300877226724	50	0.01725	2	w2v
70	text8	0.308902925796	50	0.0175	2	w2v
71	text8	0.303061017924	50	0.01775	2	w2v
72	text8	0.323887583739	50	0.018	2	w2v
73	text8	0.271438007925	50	0.01825	2	w2v
74	text8	0.249359040992	50	0.0185	2	w2v
75	text8	0.278187797481	50	0.01875	2	w2v
76	text8	0.276851981501	50	0.019	2	w2v
77	text8	0.264705781601	50	0.01925	2	w2v
78	text8	0.282102260979	50	0.0195	2	w2v
79	text8	0.280574360717	50	0.01975	2	w2v
80	text8	0.274832675171	50	0.02	2	w2v
81	text8	0.250864913248	50	0.02025	2	w2v
82	text8	0.246141965925	50	0.0205	2	w2v
83	text8	0.297972862263	50	0.02075	2	w2v
84	text8	0.261897277495	50	0.021	2	w2v
85	text8	0.242554684972	50	0.02125	2	w2v
86	text8	0.269419984817	50	0.0215	2	w2v
87	text8	0.245290961628	50	0.02175	2	w2v
88	text8	0.262193289472	50	0.022	2	w2v
89	text8	0.267355544258	50	0.02225	2	w2v
90	text8	0.230436723046	50	0.0225	2	w2v
91	text8	0.26575855995	50	0.02275	2	w2v
92	text8	0.257184493629	50	0.023	2	w2v
93	text8	0.245374247068	50	0.02325	2	w2v
94	text8	0.256670766884	50	0.0235	2	w2v
95	text8	0.269643298656	50	0.02375	2	w2v
96	text8	0.295358205479	50	0.024	2	w2v
97	text8	0.240304549739	50	0.02425	2	w2v
98	text8	0.290215276628	50	0.0245	2	w2v
99	text8	0.242298841608	50	0.02475	2	w2v
100	text8	0.239262538752	50	0.025	2	w2v
101	text8	0.249258954003	50	0.02525	2	w2v
102	text8	0.241197991838	50	0.0255	2	w2v
103	text8	0.223029999286	50	0.02575	2	w2v
104	text8	0.249823725366	50	0.026	2	w2v
105	text8	0.270164578129	50	0.02625	2	w2v
106	text8	0.253349047159	50	0.0265	2	w2v
107	text8	0.263671661185	50	0.02675	2	w2v
108	text8	0.217253723309	50	0.027	2	w2v
109	text8	0.250041979385	50	0.02725	2	w2v
110	text8	0.276195816201	50	0.0275	2	w2v
111	text8	0.228785086261	50	0.02775	2	w2v
112	text8	0.223283210248	50	0.028	2	w2v
113	text8	0.233734078554	50	0.02825	2	w2v
114	text8	0.267603612764	50	0.0285	2	w2v
115	text8	0.233198656902	50	0.02875	2	w2v
116	text8	0.258373892368	50	0.029	2	w2v
117	text8	0.214279470216	50	0.02925	2	w2v
118	text8	0.248861057714	50	0.0295	2	w2v
119	text8	0.23746259776	50	0.02975	2	w2v
120	text8	0.216591104836	50	0.03	2	w2v
121	text8	0.268681275183	50	0.03025	2	w2v
122	text8	0.240081767653	50	0.0305	2	w2v
123	text8	0.256769286284	50	0.03075	2	w2v
124	text8	0.300355797209	50	0.031	2	w2v
125	text8	0.25014825102	50	0.03125	2	w2v
126	text8	0.236168823564	50	0.0315	2	w2v
127	text8	0.280389634719	50	0.03175	2	w2v
128	text8	0.227189889584	50	0.032	2	w2v
129	text8	0.269886870484	50	0.03225	2	w2v
130	text8	0.239737452439	50	0.0325	2	w2v
131	text8	0.245113494769	50	0.03275	2	w2v
132	text8	0.218482148731	50	0.033	2	w2v
133	text8	0.245955518082	50	0.03325	2	w2v
134	text8	0.231136969433	50	0.0335	2	w2v
135	text8	0.191703079631	50	0.03375	2	w2v
136	text8	0.264579493756	50	0.034	2	w2v
137	text8	0.2742421357	50	0.03425	2	w2v
138	text8	0.232193758709	50	0.0345	2	w2v
139	text8	0.258471264037	50	0.03475	2	w2v
140	text8	0.261936224473	50	0.035	2	w2v
141	text8	0.217002675551	50	0.03525	2	w2v
142	text8	0.222435263235	50	0.0355	2	w2v
143	text8	0.261951654745	50	0.03575	2	w2v
144	text8	0.214098633515	50	0.036	2	w2v
145	text8	0.234619262948	50	0.03625	2	w2v
146	text8	0.207742326312	50	0.0365	2	w2v
147	text8	0.232777676027	50	0.03675	2	w2v
148	text8	0.174978002195	50	0.037	2	w2v
149	text8	0.228693334815	50	0.03725	2	w2v
150	text8	0.194529436816	50	0.0375	2	w2v
151	text8	0.259962894685	50	0.03775	2	w2v
152	text8	0.165274760798	50	0.038	2	w2v
153	text8	0.177400224725	50	0.03825	2	w2v
154	text8	0.221213379032	50	0.0385	2	w2v
155	text8	0.181515139055	50	0.03875	2	w2v
156	text8	0.200704698899	50	0.039	2	w2v
157	text8	0.199437538466	50	0.03925	2	w2v
158	text8	0.218869454771	50	0.0395	2	w2v
159	text8	0.213005575756	50	0.03975	2	w2v
160	text8	0.193127592516	50	0.04	2	w2v
161	text8	0.219803576864	50	0.04025	2	w2v
162	text8	0.192685303958	50	0.0405	2	w2v
163	text8	0.172399325435	50	0.04075	2	w2v
164	text8	0.178015643924	50	0.041	2	w2v
165	text8	0.183672341135	50	0.04125	2	w2v
166	text8	0.163013892221	50	0.0415	2	w2v
167	text8	0.134932571588	50	0.04175	2	w2v
168	text8	0.184041328023	50	0.042	2	w2v
169	text8	0.177635471816	50	0.04225	2	w2v
170	text8	0.134500951722	50	0.0425	2	w2v
171	text8	0.149923988417	50	0.04275	2	w2v
172	text8	0.118568257665	50	0.043	2	w2v
173	text8	0.139028026366	50	0.04325	2	w2v
174	text8	0.122258830378	50	0.0435	2	w2v
175	text8	0.117859813715	50	0.04375	2	w2v
176	text8	0.148682121394	50	0.044	2	w2v
177	text8	0.129148586612	50	0.04425	2	w2v
178	text8	0.127237925342	50	0.0445	2	w2v
179	text8	0.115077742821	50	0.04475	2	w2v
180	text8	0.131058405294	50	0.045	2	w2v
181	text8	0.144594409484	50	0.04525	2	w2v
182	text8	0.129715656229	50	0.0455	2	w2v
183	text8	0.106880540878	50	0.04575	2	w2v
184	text8	0.0995439935048	50	0.046	2	w2v
185	text8	0.0763432231557	50	0.04625	2	w2v
186	text8	0.105816853104	50	0.0465	2	w2v
187	text8	0.077090846019	50	0.04675	2	w2v
188	text8	0.104176610277	50	0.047	2	w2v
189	text8	0.0832050771855	50	0.04725	2	w2v
190	text8	0.113265786081	50	0.0475	2	w2v
191	text8	0.0894142431285	50	0.04775	2	w2v
192	text8	0.0762299057972	50	0.048	2	w2v
193	text8	0.068390356532	50	0.04825	2	w2v
194	text8	0.0604744492923	50	0.0485	2	w2v
195	text8	0.0662897685046	50	0.04875	2	w2v
196	text8	0.0471817685827	50	0.049	2	w2v
197	text8	0.0613525946375	50	0.04925	2	w2v
198	text8	0.0420321394988	50	0.0495	2	w2v
0	text8	0.0	50	0.0	3	w2v
1	text8	0.0	50	0.00025	3	w2v
2	text8	0.0	50	0.0005	3	w2v
3	text8	0.0	50	0.00075	3	w2v
4	text8	0.0	50	0.001	3	w2v
5	text8	0.0	50	0.00125	3	w2v
6	text8	0.0	50	0.0015	3	w2v
7	text8	0.0	50	0.00175	3	w2v
8	text8	0.023815406964	50	0.002	3	w2v
9	text8	0.184301355549	50	0.00225	3	w2v
10	text8	1.47641157088	50	0.0025	3	w2v
11	text8	5.97998676601	50	0.00275	3	w2v
12	text8	10.0502280718	50	0.003	3	w2v
13	text8	10.5251822828	50	0.00325	3	w2v
14	text8	9.09490108285	50	0.0035	3	w2v
15	text8	6.86733048117	50	0.00375	3	w2v
16	text8	5.35036579868	50	0.004	3	w2v
17	text8	3.74356115733	50	0.00425	3	w2v
18	text8	2.93042130069	50	0.0045	3	w2v
19	text8	2.32669113374	50	0.00475	3	w2v
20	text8	1.97850752315	50	0.005	3	w2v
21	text8	1.72060792717	50	0.00525	3	w2v
22	text8	1.49360495104	50	0.0055	3	w2v
23	text8	1.25507654962	50	0.00575	3	w2v
24	text8	1.10744596047	50	0.006	3	w2v
25	text8	1.06758648038	50	0.00625	3	w2v
26	text8	0.964509480472	50	0.0065	3	w2v
27	text8	0.829298555935	50	0.00675	3	w2v
28	text8	0.822627079817	50	0.007	3	w2v
29	text8	0.777436929659	50	0.00725	3	w2v
30	text8	0.774455904543	50	0.0075	3	w2v
31	text8	0.720229274787	50	0.00775	3	w2v
32	text8	0.666829758407	50	0.008	3	w2v
33	text8	0.654775836068	50	0.00825	3	w2v
34	text8	0.636666090665	50	0.0085	3	w2v
35	text8	0.574856293982	50	0.00875	3	w2v
36	text8	0.616254074899	50	0.009	3	w2v
37	text8	0.561168916135	50	0.00925	3	w2v
38	text8	0.568504276382	50	0.0095	3	w2v
39	text8	0.506565215855	50	0.00975	3	w2v
40	text8	0.507496299491	50	0.01	3	w2v
41	text8	0.462428269733	50	0.01025	3	w2v
42	text8	0.491999492675	50	0.0105	3	w2v
43	text8	0.438891967364	50	0.01075	3	w2v
44	text8	0.445430418857	50	0.011	3	w2v
45	text8	0.412180686558	50	0.01125	3	w2v
46	text8	0.4404346868	50	0.0115	3	w2v
47	text8	0.447622606392	50	0.01175	3	w2v
48	text8	0.375319911872	50	0.012	3	w2v
49	text8	0.432764024628	50	0.01225	3	w2v
50	text8	0.364326422146	50	0.0125	3	w2v
51	text8	0.335269121962	50	0.01275	3	w2v
52	text8	0.396294408033	50	0.013	3	w2v
53	text8	0.388304869279	50	0.01325	3	w2v
54	text8	0.353674260565	50	0.0135	3	w2v
55	text8	0.367452384663	50	0.01375	3	w2v
56	text8	0.326240531204	50	0.014	3	w2v
57	text8	0.35962751438	50	0.01425	3	w2v
58	text8	0.333762076373	50	0.0145	3	w2v
59	text8	0.367726304914	50	0.01475	3	w2v
60	text8	0.358054811184	50	0.015	3	w2v
61	text8	0.35269778541	50	0.01525	3	w2v
62	text8	0.335616933584	50	0.0155	3	w2v
63	text8	0.316999881918	50	0.01575	3	w2v
64	text8	0.310957408285	50	0.016	3	w2v
65	text8	0.344058163995	50	0.01625	3	w2v
66	text8	0.316190056606	50	0.0165	3	w2v
67	text8	0.276842098921	50	0.01675	3	w2v
68	text8	0.304392982652	50	0.017	3	w2v
69	text8	0.303744190703	50	0.01725	3	w2v
70	text8	0.295482248885	50	0.0175	3	w2v
71	text8	0.250251574992	50	0.01775	3	w2v
72	text8	0.314345439193	50	0.018	3	w2v
73	text8	0.29274714441	50	0.01825	3	w2v
74	text8	0.278583935062	50	0.0185	3	w2v
75	text8	0.239081688982	50	0.01875	3	w2v
76	text8	0.282766459633	50	0.019	3	w2v
77	text8	0.286751666299	50	0.01925	3	w2v
78	text8	0.289381057612	50	0.0195	3	w2v
79	text8	0.302937066908	50	0.01975	3	w2v
80	text8	0.28073745957	50	0.02	3	w2v
81	text8	0.258162295174	50	0.02025	3	w2v
82	text8	0.28580737241	50	0.0205	3	w2v
83	text8	0.26984205917	50	0.02075	3	w2v
84	text8	0.289355938677	50	0.021	3	w2v
85	text8	0.245624745299	50	0.02125	3	w2v
86	text8	0.247785765906	50	0.0215	3	w2v
87	text8	0.261678490618	50	0.02175	3	w2v
88	text8	0.253517540947	50	0.022	3	w2v
89	text8	0.237733326449	50	0.02225	3	w2v
90	text8	0.260832685593	50	0.0225	3	w2v
91	text8	0.278133735729	50	0.02275	3	w2v
92	text8	0.242076192967	50	0.023	3	w2v
93	text8	0.253309928476	50	0.02325	3	w2v
94	text8	0.264655616668	50	0.0235	3	w2v
95	text8	0.254174967888	50	0.02375	3	w2v
96	text8	0.276680955267	50	0.024	3	w2v
97	text8	0.266023500203	50	0.02425	3	w2v
98	text8	0.263212391055	50	0.0245	3	w2v
99	text8	0.249026978588	50	0.02475	3	w2v
100	text8	0.244392831898	50	0.025	3	w2v
101	text8	0.259341155022	50	0.02525	3	w2v
102	text8	0.26618241964	50	0.0255	3	w2v
103	text8	0.218182396031	50	0.02575	3	w2v
104	text8	0.263401916729	50	0.026	3	w2v
105	text8	0.280439392613	50	0.02625	3	w2v
106	text8	0.253466403131	50	0.0265	3	w2v
107	text8	0.238127767672	50	0.02675	3	w2v
108	text8	0.231194583563	50	0.027	3	w2v
109	text8	0.227622134283	50	0.02725	3	w2v
110	text8	0.255441155822	50	0.0275	3	w2v
111	text8	0.232525067601	50	0.02775	3	w2v
112	text8	0.266010321275	50	0.028	3	w2v
113	text8	0.23742944319	50	0.02825	3	w2v
114	text8	0.265947361121	50	0.0285	3	w2v
115	text8	0.229709006976	50	0.02875	3	w2v
116	text8	0.240332432605	50	0.029	3	w2v
117	text8	0.258371190692	50	0.02925	3	w2v
118	text8	0.245261978315	50	0.0295	3	w2v
119	text8	0.211591942919	50	0.02975	3	w2v
120	text8	0.205518678051	50	0.03	3	w2v
121	text8	0.265107977942	50	0.03025	3	w2v
122	text8	0.251591170913	50	0.0305	3	w2v
123	text8	0.243618523547	50	0.03075	3	w2v
124	text8	0.237455343171	50	0.031	3	w2v
125	text8	0.240831793984	50	0.03125	3	w2v
126	text8	0.259712534163	50	0.0315	3	w2v
127	text8	0.241753042045	50	0.03175	3	w2v
128	text8	0.254943550045	50	0.032	3	w2v
129	text8	0.228828876602	50	0.03225	3	w2v
130	text8	0.232171787	50	0.0325	3	w2v
131	text8	0.22555814163	50	0.03275	3	w2v
132	text8	0.262989269902	50	0.033	3	w2v
133	text8	0.201916935731	50	0.03325	3	w2v
134	text8	0.276171183437	50	0.0335	3	w2v
135	text8	0.240938678469	50	0.03375	3	w2v
136	text8	0.234079970759	50	0.034	3	w2v
137	text8	0.272521410528	50	0.03425	3	w2v
138	text8	0.253224801073	50	0.0345	3	w2v
139	text8	0.260842183811	50	0.03475	3	w2v
140	text8	0.243358099365	50	0.035	3	w2v
141	text8	0.221483437248	50	0.03525	3	w2v
142	text8	0.25024831925	50	0.0355	3	w2v
143	text8	0.211086603868	50	0.03575	3	w2v
144	text8	0.220814413351	50	0.036	3	w2v
145	text8	0.247845747478	50	0.03625	3	w2v
146	text8	0.201498905528	50	0.0365	3	w2v
147	text8	0.18953338522	50	0.03675	3	w2v
148	text8	0.212462819776	50	0.037	3	w2v
149	text8	0.217988636039	50	0.03725	3	w2v
150	text8	0.221339029951	50	0.0375	3	w2v
151	text8	0.224705703746	50	0.03775	3	w2v
152	text8	0.241494786294	50	0.038	3	w2v
153	text8	0.215746981179	50	0.03825	3	w2v
154	text8	0.237161603026	50	0.0385	3	w2v
155	text8	0.236062699746	50	0.03875	3	w2v
156	text8	0.189349310697	50	0.039	3	w2v
157	text8	0.190328938906	50	0.03925	3	w2v
158	text8	0.207429907187	50	0.0395	3	w2v
159	text8	0.187631477079	50	0.03975	3	w2v
160	text8	0.183932231868	50	0.04	3	w2v
161	text8	0.19889821966	50	0.04025	3	w2v
162	text8	0.213983770757	50	0.0405	3	w2v
163	text8	0.193764593811	50	0.04075	3	w2v
164	text8	0.173358608486	50	0.041	3	w2v
165	text8	0.152758495	50	0.04125	3	w2v
166	text8	0.199094676027	50	0.0415	3	w2v
167	text8	0.156686912457	50	0.04175	3	w2v
168	text8	0.130835771815	50	0.042	3	w2v
169	text8	0.165588706217	50	0.04225	3	w2v
170	text8	0.163957144874	50	0.0425	3	w2v
171	text8	0.184422639725	50	0.04275	3	w2v
172	text8	0.168012605663	50	0.043	3	w2v
173	text8	0.144005677239	50	0.04325	3	w2v
174	text8	0.157185433944	50	0.0435	3	w2v
175	text8	0.167967331866	50	0.04375	3	w2v
176	text8	0.136030471362	50	0.044	3	w2v
177	text8	0.126573825204	50	0.04425	3	w2v
178	text8	0.155167226585	50	0.0445	3	w2v
179	text8	0.125242641535	50	0.04475	3	w2v
180	text8	0.130987540226	50	0.045	3	w2v
181	text8	0.149675453088	50	0.04525	3	w2v
182	text8	0.108905416859	50	0.0455	3	w2v
183	text8	0.112041700224	50	0.04575	3	w2v
184	text8	0.107348622322	50	0.046	3	w2v
185	text8	0.0973467819637	50	0.04625	3	w2v
186	text8	0.0872475438494	50	0.0465	3	w2v
187	text8	0.12751277275	50	0.04675	3	w2v
188	text8	0.0854134882883	50	0.047	3	w2v
189	text8	0.0777830240586	50	0.04725	3	w2v
190	text8	0.0700772320244	50	0.0475	3	w2v
191	text8	0.0731271020424	50	0.04775	3	w2v
192	text8	0.0707598936963	50	0.048	3	w2v
193	text8	0.049226789536	50	0.04825	3	w2v
194	text8	0.0604599232566	50	0.0485	3	w2v
195	text8	0.0717956577081	50	0.04875	3	w2v
196	text8	0.0721364090007	50	0.049	3	w2v
197	text8	0.0836248437627	50	0.04925	3	w2v
198	text8	0.050411880785	50	0.0495	3	w2v
0	text8	0.0	50	0.0	4	w2v
1	text8	0.0	50	0.00025	4	w2v
2	text8	0.0	50	0.0005	4	w2v
3	text8	0.0	50	0.00075	4	w2v
4	text8	0.0	50	0.001	4	w2v
5	text8	0.0	50	0.00125	4	w2v
6	text8	0.0	50	0.0015	4	w2v
7	text8	0.0210066776993	50	0.00175	4	w2v
8	text8	0.023748790354	50	0.002	4	w2v
9	text8	0.183791499699	50	0.00225	4	w2v
10	text8	1.76820812853	50	0.0025	4	w2v
11	text8	5.46464466799	50	0.00275	4	w2v
12	text8	9.89938793286	50	0.003	4	w2v
13	text8	11.1066198795	50	0.00325	4	w2v
14	text8	9.52536135549	50	0.0035	4	w2v
15	text8	6.91054686287	50	0.00375	4	w2v
16	text8	5.00161970451	50	0.004	4	w2v
17	text8	3.76310814208	50	0.00425	4	w2v
18	text8	2.88451615404	50	0.0045	4	w2v
19	text8	2.24780726029	50	0.00475	4	w2v
20	text8	1.93861105439	50	0.005	4	w2v
21	text8	1.64612220272	50	0.00525	4	w2v
22	text8	1.37761720328	50	0.0055	4	w2v
23	text8	1.24342255083	50	0.00575	4	w2v
24	text8	1.13135598759	50	0.006	4	w2v
25	text8	0.961261772037	50	0.00625	4	w2v
26	text8	0.931442699242	50	0.0065	4	w2v
27	text8	0.858754049684	50	0.00675	4	w2v
28	text8	0.876902289006	50	0.007	4	w2v
29	text8	0.775136766544	50	0.00725	4	w2v
30	text8	0.744085521342	50	0.0075	4	w2v
31	text8	0.652822427175	50	0.00775	4	w2v
32	text8	0.654262239665	50	0.008	4	w2v
33	text8	0.659466242978	50	0.00825	4	w2v
34	text8	0.612802968392	50	0.0085	4	w2v
35	text8	0.57062531632	50	0.00875	4	w2v
36	text8	0.56313646393	50	0.009	4	w2v
37	text8	0.548511087931	50	0.00925	4	w2v
38	text8	0.530905352949	50	0.0095	4	w2v
39	text8	0.485806937949	50	0.00975	4	w2v
40	text8	0.502666516439	50	0.01	4	w2v
41	text8	0.473845806	50	0.01025	4	w2v
42	text8	0.447121382453	50	0.0105	4	w2v
43	text8	0.47402020238	50	0.01075	4	w2v
44	text8	0.435025995966	50	0.011	4	w2v
45	text8	0.417865014198	50	0.01125	4	w2v
46	text8	0.435579092706	50	0.0115	4	w2v
47	text8	0.401175742276	50	0.01175	4	w2v
48	text8	0.386599305294	50	0.012	4	w2v
49	text8	0.394426855957	50	0.01225	4	w2v
50	text8	0.399214458697	50	0.0125	4	w2v
51	text8	0.331738406877	50	0.01275	4	w2v
52	text8	0.394726766793	50	0.013	4	w2v
53	text8	0.360703788853	50	0.01325	4	w2v
54	text8	0.377636707034	50	0.0135	4	w2v
55	text8	0.330721875559	50	0.01375	4	w2v
56	text8	0.358440099178	50	0.014	4	w2v
57	text8	0.351567010642	50	0.01425	4	w2v
58	text8	0.335629872095	50	0.0145	4	w2v
59	text8	0.339420017383	50	0.01475	4	w2v
60	text8	0.338649556397	50	0.015	4	w2v
61	text8	0.336622109798	50	0.01525	4	w2v
62	text8	0.340233555007	50	0.0155	4	w2v
63	text8	0.32980937435	50	0.01575	4	w2v
64	text8	0.32148366154	50	0.016	4	w2v
65	text8	0.284330822534	50	0.01625	4	w2v
66	text8	0.294654162716	50	0.0165	4	w2v
67	text8	0.357405001739	50	0.01675	4	w2v
68	text8	0.290750668388	50	0.017	4	w2v
69	text8	0.322310250343	50	0.01725	4	w2v
70	text8	0.31164748086	50	0.0175	4	w2v
71	text8	0.294417085939	50	0.01775	4	w2v
72	text8	0.257654321712	50	0.018	4	w2v
73	text8	0.296468592724	50	0.01825	4	w2v
74	text8	0.26537439868	50	0.0185	4	w2v
75	text8	0.286428492586	50	0.01875	4	w2v
76	text8	0.262523629104	50	0.019	4	w2v
77	text8	0.322778162218	50	0.01925	4	w2v
78	text8	0.291734720537	50	0.0195	4	w2v
79	text8	0.257451225514	50	0.01975	4	w2v
80	text8	0.286062836331	50	0.02	4	w2v
81	text8	0.291374298685	50	0.02025	4	w2v
82	text8	0.300917051477	50	0.0205	4	w2v
83	text8	0.270895976357	50	0.02075	4	w2v
84	text8	0.240395649475	50	0.021	4	w2v
85	text8	0.248317224921	50	0.02125	4	w2v
86	text8	0.240313690223	50	0.0215	4	w2v
87	text8	0.245352741102	50	0.02175	4	w2v
88	text8	0.269656310548	50	0.022	4	w2v
89	text8	0.242038929559	50	0.02225	4	w2v
90	text8	0.251606208988	50	0.0225	4	w2v
91	text8	0.296145762611	50	0.02275	4	w2v
92	text8	0.273967301364	50	0.023	4	w2v
93	text8	0.245301368957	50	0.02325	4	w2v
94	text8	0.250382491822	50	0.0235	4	w2v
95	text8	0.233576721332	50	0.02375	4	w2v
96	text8	0.26542888016	50	0.024	4	w2v
97	text8	0.253135093191	50	0.02425	4	w2v
98	text8	0.256671284721	50	0.0245	4	w2v
99	text8	0.221470375662	50	0.02475	4	w2v
100	text8	0.268755894449	50	0.025	4	w2v
101	text8	0.233014675604	50	0.02525	4	w2v
102	text8	0.271096432096	50	0.0255	4	w2v
103	text8	0.286318823736	50	0.02575	4	w2v
104	text8	0.239736774849	50	0.026	4	w2v
105	text8	0.222921416926	50	0.02625	4	w2v
106	text8	0.229658085204	50	0.0265	4	w2v
107	text8	0.231315714399	50	0.02675	4	w2v
108	text8	0.246755943793	50	0.027	4	w2v
109	text8	0.246729586022	50	0.02725	4	w2v
110	text8	0.223955479538	50	0.0275	4	w2v
111	text8	0.313497188976	50	0.02775	4	w2v
112	text8	0.218054527298	50	0.028	4	w2v
113	text8	0.246314690044	50	0.02825	4	w2v
114	text8	0.256920308392	50	0.0285	4	w2v
115	text8	0.244132998305	50	0.02875	4	w2v
116	text8	0.222087239032	50	0.029	4	w2v
117	text8	0.238212701103	50	0.02925	4	w2v
118	text8	0.236069149628	50	0.0295	4	w2v
119	text8	0.211624812609	50	0.02975	4	w2v
120	text8	0.211151564083	50	0.03	4	w2v
121	text8	0.220047888027	50	0.03025	4	w2v
122	text8	0.24603965883	50	0.0305	4	w2v
123	text8	0.276082630433	50	0.03075	4	w2v
124	text8	0.229862665164	50	0.031	4	w2v
125	text8	0.248610932771	50	0.03125	4	w2v
126	text8	0.255906800579	50	0.0315	4	w2v
127	text8	0.243771624545	50	0.03175	4	w2v
128	text8	0.235415130938	50	0.032	4	w2v
129	text8	0.224982936906	50	0.03225	4	w2v
130	text8	0.24814489589	50	0.0325	4	w2v
131	text8	0.257550329438	50	0.03275	4	w2v
132	text8	0.269030271876	50	0.033	4	w2v
133	text8	0.260427582122	50	0.03325	4	w2v
134	text8	0.227387003304	50	0.0335	4	w2v
135	text8	0.251130920806	50	0.03375	4	w2v
136	text8	0.229952547859	50	0.034	4	w2v
137	text8	0.237436415308	50	0.03425	4	w2v
138	text8	0.213857041183	50	0.0345	4	w2v
139	text8	0.225500872077	50	0.03475	4	w2v
140	text8	0.197377845806	50	0.035	4	w2v
141	text8	0.274452870703	50	0.03525	4	w2v
142	text8	0.229211387041	50	0.0355	4	w2v
143	text8	0.204862020825	50	0.03575	4	w2v
144	text8	0.236012058209	50	0.036	4	w2v
145	text8	0.217860376391	50	0.03625	4	w2v
146	text8	0.186521278259	50	0.0365	4	w2v
147	text8	0.235496753102	50	0.03675	4	w2v
148	text8	0.201670265591	50	0.037	4	w2v
149	text8	0.220370680505	50	0.03725	4	w2v
150	text8	0.225945252568	50	0.0375	4	w2v
151	text8	0.211530803178	50	0.03775	4	w2v
152	text8	0.241703885051	50	0.038	4	w2v
153	text8	0.240656501975	50	0.03825	4	w2v
154	text8	0.223776351298	50	0.0385	4	w2v
155	text8	0.240788653511	50	0.03875	4	w2v
156	text8	0.20090086261	50	0.039	4	w2v
157	text8	0.172111776387	50	0.03925	4	w2v
158	text8	0.214511119657	50	0.0395	4	w2v
159	text8	0.203990232623	50	0.03975	4	w2v
160	text8	0.163095035594	50	0.04	4	w2v
161	text8	0.208415165134	50	0.04025	4	w2v
162	text8	0.181212652113	50	0.0405	4	w2v
163	text8	0.201035135907	50	0.04075	4	w2v
164	text8	0.194890555787	50	0.041	4	w2v
165	text8	0.191069373806	50	0.04125	4	w2v
166	text8	0.199197989301	50	0.0415	4	w2v
167	text8	0.164000044333	50	0.04175	4	w2v
168	text8	0.176930374449	50	0.042	4	w2v
169	text8	0.146145472372	50	0.04225	4	w2v
170	text8	0.154221781068	50	0.0425	4	w2v
171	text8	0.174656882557	50	0.04275	4	w2v
172	text8	0.170555446057	50	0.043	4	w2v
173	text8	0.158961963509	50	0.04325	4	w2v
174	text8	0.137278372672	50	0.0435	4	w2v
175	text8	0.145478326722	50	0.04375	4	w2v
176	text8	0.128549362979	50	0.044	4	w2v
177	text8	0.119054953755	50	0.04425	4	w2v
178	text8	0.114555777252	50	0.0445	4	w2v
179	text8	0.117681131921	50	0.04475	4	w2v
180	text8	0.12853895769	50	0.045	4	w2v
181	text8	0.131741355494	50	0.04525	4	w2v
182	text8	0.0986385824625	50	0.0455	4	w2v
183	text8	0.0965176147899	50	0.04575	4	w2v
184	text8	0.110095778298	50	0.046	4	w2v
185	text8	0.118525860897	50	0.04625	4	w2v
186	text8	0.0846931258203	50	0.0465	4	w2v
187	text8	0.111697113118	50	0.04675	4	w2v
188	text8	0.0855115672901	50	0.047	4	w2v
189	text8	0.0805569836473	50	0.04725	4	w2v
190	text8	0.0755522354309	50	0.0475	4	w2v
191	text8	0.0867618034779	50	0.04775	4	w2v
192	text8	0.0790043592138	50	0.048	4	w2v
193	text8	0.0821189300779	50	0.04825	4	w2v
194	text8	0.0880076129551	50	0.0485	4	w2v
195	text8	0.0828950036766	50	0.04875	4	w2v
196	text8	0.0610781698388	50	0.049	4	w2v
197	text8	0.0781038692952	50	0.04925	4	w2v
198	text8	0.0812701680149	50	0.0495	4	w2v
0	text8	0.0	50	0.0	5	w2v
1	text8	0.0	50	0.00025	5	w2v
2	text8	0.0	50	0.0005	5	w2v
3	text8	0.0	50	0.00075	5	w2v
4	text8	0.0	50	0.001	5	w2v
5	text8	0.0	50	0.00125	5	w2v
6	text8	0.0	50	0.0015	5	w2v
7	text8	0.0	50	0.00175	5	w2v
8	text8	0.023815406964	50	0.002	5	w2v
9	text8	0.617532981315	50	0.00225	5	w2v
10	text8	3.08015592542	50	0.0025	5	w2v
11	text8	5.87528843138	50	0.00275	5	w2v
12	text8	9.28183087286	50	0.003	5	w2v
13	text8	9.3419005889	50	0.00325	5	w2v
14	text8	8.4355889387	50	0.0035	5	w2v
15	text8	6.80502467611	50	0.00375	5	w2v
16	text8	5.22826198061	50	0.004	5	w2v
17	text8	3.85077891123	50	0.00425	5	w2v
18	text8	3.06739181088	50	0.0045	5	w2v
19	text8	2.4171039769	50	0.00475	5	w2v
20	text8	2.01832608947	50	0.005	5	w2v
21	text8	1.71262530101	50	0.00525	5	w2v
22	text8	1.51869214565	50	0.0055	5	w2v
23	text8	1.2975374613	50	0.00575	5	w2v
24	text8	1.14219401343	50	0.006	5	w2v
25	text8	1.00737861173	50	0.00625	5	w2v
26	text8	0.997183713547	50	0.0065	5	w2v
27	text8	0.887138765599	50	0.00675	5	w2v
28	text8	0.85831392032	50	0.007	5	w2v
29	text8	0.760004498285	50	0.00725	5	w2v
30	text8	0.750351379989	50	0.0075	5	w2v
31	text8	0.718364453575	50	0.00775	5	w2v
32	text8	0.707064785477	50	0.008	5	w2v
33	text8	0.657602951905	50	0.00825	5	w2v
34	text8	0.661747619184	50	0.0085	5	w2v
35	text8	0.602114181984	50	0.00875	5	w2v
36	text8	0.557781032539	50	0.009	5	w2v
37	text8	0.494134470999	50	0.00925	5	w2v
38	text8	0.507587497092	50	0.0095	5	w2v
39	text8	0.53139135791	50	0.00975	5	w2v
40	text8	0.468046043569	50	0.01	5	w2v
41	text8	0.47769550522	50	0.01025	5	w2v
42	text8	0.497196962118	50	0.0105	5	w2v
43	text8	0.480148668158	50	0.01075	5	w2v
44	text8	0.428398247147	50	0.011	5	w2v
45	text8	0.425400338969	50	0.01125	5	w2v
46	text8	0.397439330645	50	0.0115	5	w2v
47	text8	0.449737819757	50	0.01175	5	w2v
48	text8	0.404240331817	50	0.012	5	w2v
49	text8	0.331159973595	50	0.01225	5	w2v
50	text8	0.385654122096	50	0.0125	5	w2v
51	text8	0.385247322773	50	0.01275	5	w2v
52	text8	0.359061632276	50	0.013	5	w2v
53	text8	0.39453998307	50	0.01325	5	w2v
54	text8	0.364349444873	50	0.0135	5	w2v
55	text8	0.332461327167	50	0.01375	5	w2v
56	text8	0.351486175489	50	0.014	5	w2v
57	text8	0.320697710717	50	0.01425	5	w2v
58	text8	0.356373446382	50	0.0145	5	w2v
59	text8	0.331351284862	50	0.01475	5	w2v
60	text8	0.335054530378	50	0.015	5	w2v
61	text8	0.329617695338	50	0.01525	5	w2v
62	text8	0.328592187872	50	0.0155	5	w2v
63	text8	0.310017518566	50	0.01575	5	w2v
64	text8	0.339219699025	50	0.016	5	w2v
65	text8	0.313001574822	50	0.01625	5	w2v
66	text8	0.281468960174	50	0.0165	5	w2v
67	text8	0.306332380272	50	0.01675	5	w2v
68	text8	0.297212529111	50	0.017	5	w2v
69	text8	0.285390942312	50	0.01725	5	w2v
70	text8	0.287062502636	50	0.0175	5	w2v
71	text8	0.282371728109	50	0.01775	5	w2v
72	text8	0.28136551842	50	0.018	5	w2v
73	text8	0.260936879439	50	0.01825	5	w2v
74	text8	0.250526293229	50	0.0185	5	w2v
75	text8	0.250406791091	50	0.01875	5	w2v
76	text8	0.254213554803	50	0.019	5	w2v
77	text8	0.272782091609	50	0.01925	5	w2v
78	text8	0.271270899481	50	0.0195	5	w2v
79	text8	0.264214146609	50	0.01975	5	w2v
80	text8	0.279064462633	50	0.02	5	w2v
81	text8	0.256505494814	50	0.02025	5	w2v
82	text8	0.268669315088	50	0.0205	5	w2v
83	text8	0.263959130209	50	0.02075	5	w2v
84	text8	0.259131561951	50	0.021	5	w2v
85	text8	0.238321943998	50	0.02125	5	w2v
86	text8	0.259354513523	50	0.0215	5	w2v
87	text8	0.251296973086	50	0.02175	5	w2v
88	text8	0.278597399769	50	0.022	5	w2v
89	text8	0.237594401921	50	0.02225	5	w2v
90	text8	0.245632866191	50	0.0225	5	w2v
91	text8	0.270433370559	50	0.02275	5	w2v
92	text8	0.254232165759	50	0.023	5	w2v
93	text8	0.245483645466	50	0.02325	5	w2v
94	text8	0.255230724118	50	0.0235	5	w2v
95	text8	0.236871401716	50	0.02375	5	w2v
96	text8	0.262445181154	50	0.024	5	w2v
97	text8	0.223073807738	50	0.02425	5	w2v
98	text8	0.223243109151	50	0.0245	5	w2v
99	text8	0.255715480723	50	0.02475	5	w2v
100	text8	0.246223703124	50	0.025	5	w2v
101	text8	0.238220598854	50	0.02525	5	w2v
102	text8	0.261494547692	50	0.0255	5	w2v
103	text8	0.246724459861	50	0.02575	5	w2v
104	text8	0.223355364439	50	0.026	5	w2v
105	text8	0.265564405169	50	0.02625	5	w2v
106	text8	0.270810665704	50	0.0265	5	w2v
107	text8	0.217840744545	50	0.02675	5	w2v
108	text8	0.245309325534	50	0.027	5	w2v
109	text8	0.240061338751	50	0.02725	5	w2v
110	text8	0.225975280119	50	0.0275	5	w2v
111	text8	0.271601103948	50	0.02775	5	w2v
112	text8	0.234358746166	50	0.028	5	w2v
113	text8	0.241307242839	50	0.02825	5	w2v
114	text8	0.239321857035	50	0.0285	5	w2v
115	text8	0.186612103201	50	0.02875	5	w2v
116	text8	0.240780231622	50	0.029	5	w2v
117	text8	0.282688634709	50	0.02925	5	w2v
118	text8	0.206911504129	50	0.0295	5	w2v
119	text8	0.219442274501	50	0.02975	5	w2v
120	text8	0.217132793173	50	0.03	5	w2v
121	text8	0.239244267204	50	0.03025	5	w2v
122	text8	0.231270352446	50	0.0305	5	w2v
123	text8	0.25939636149	50	0.03075	5	w2v
124	text8	0.260948666392	50	0.031	5	w2v
125	text8	0.231641255636	50	0.03125	5	w2v
126	text8	0.240818027673	50	0.0315	5	w2v
127	text8	0.257874470801	50	0.03175	5	w2v
128	text8	0.222070768923	50	0.032	5	w2v
129	text8	0.260940036351	50	0.03225	5	w2v
130	text8	0.20879106888	50	0.0325	5	w2v
131	text8	0.228044046935	50	0.03275	5	w2v
132	text8	0.193188874515	50	0.033	5	w2v
133	text8	0.271220984995	50	0.03325	5	w2v
134	text8	0.238133115724	50	0.0335	5	w2v
135	text8	0.216982473916	50	0.03375	5	w2v
136	text8	0.230576825467	50	0.034	5	w2v
137	text8	0.231874362276	50	0.03425	5	w2v
138	text8	0.249807342491	50	0.0345	5	w2v
139	text8	0.261613125176	50	0.03475	5	w2v
140	text8	0.27350486908	50	0.035	5	w2v
141	text8	0.249561838942	50	0.03525	5	w2v
142	text8	0.255131510984	50	0.0355	5	w2v
143	text8	0.243650492662	50	0.03575	5	w2v
144	text8	0.221316790594	50	0.036	5	w2v
145	text8	0.269989439774	50	0.03625	5	w2v
146	text8	0.24097627537	50	0.0365	5	w2v
147	text8	0.222597875779	50	0.03675	5	w2v
148	text8	0.197461016844	50	0.037	5	w2v
149	text8	0.224977073199	50	0.03725	5	w2v
150	text8	0.254939208582	50	0.0375	5	w2v
151	text8	0.193860139338	50	0.03775	5	w2v
152	text8	0.206083401075	50	0.038	5	w2v
153	text8	0.213905178559	50	0.03825	5	w2v
154	text8	0.210475885833	50	0.0385	5	w2v
155	text8	0.197910296786	50	0.03875	5	w2v
156	text8	0.221779160824	50	0.039	5	w2v
157	text8	0.170061020498	50	0.03925	5	w2v
158	text8	0.182500635443	50	0.0395	5	w2v
159	text8	0.22056774672	50	0.03975	5	w2v
160	text8	0.195995726832	50	0.04	5	w2v
161	text8	0.204006780305	50	0.04025	5	w2v
162	text8	0.195590893871	50	0.0405	5	w2v
163	text8	0.210757807077	50	0.04075	5	w2v
164	text8	0.197505545295	50	0.041	5	w2v
165	text8	0.179348829266	50	0.04125	5	w2v
166	text8	0.177835315073	50	0.0415	5	w2v
167	text8	0.188367228058	50	0.04175	5	w2v
168	text8	0.177152064609	50	0.042	5	w2v
169	text8	0.139014993171	50	0.04225	5	w2v
170	text8	0.176470098114	50	0.0425	5	w2v
171	text8	0.162551789774	50	0.04275	5	w2v
172	text8	0.170765886021	50	0.043	5	w2v
173	text8	0.131813034209	50	0.04325	5	w2v
174	text8	0.177439789771	50	0.0435	5	w2v
175	text8	0.208388527982	50	0.04375	5	w2v
176	text8	0.143781645752	50	0.044	5	w2v
177	text8	0.106469301702	50	0.04425	5	w2v
178	text8	0.129926235681	50	0.0445	5	w2v
179	text8	0.133118119265	50	0.04475	5	w2v
180	text8	0.15947234918	50	0.045	5	w2v
181	text8	0.116298648245	50	0.04525	5	w2v
182	text8	0.0960940843609	50	0.0455	5	w2v
183	text8	0.122661001072	50	0.04575	5	w2v
184	text8	0.068189405685	50	0.046	5	w2v
185	text8	0.129138506574	50	0.04625	5	w2v
186	text8	0.127097408903	50	0.0465	5	w2v
187	text8	0.109075561973	50	0.04675	5	w2v
188	text8	0.0828692877267	50	0.047	5	w2v
189	text8	0.0993853007477	50	0.04725	5	w2v
190	text8	0.0782710397453	50	0.0475	5	w2v
191	text8	0.111184813449	50	0.04775	5	w2v
192	text8	0.087186478316	50	0.048	5	w2v
193	text8	0.0985468989583	50	0.04825	5	w2v
194	text8	0.0852579777377	50	0.0485	5	w2v
195	text8	0.0746081393521	50	0.04875	5	w2v
196	text8	0.0527534277401	50	0.049	5	w2v
197	text8	0.0446389781379	50	0.04925	5	w2v
198	text8	0.0532640192935	50	0.0495	5	w2v
